,id,host_acceptance_rate,host_is_superhost,neighbourhood,latitude,longitude,room_type,accommodates,bedrooms,beds,amenities,price_in_dollar,minimum_nights,maximum_nights,has_availability,availability_30,number_of_reviews_l30d,review_scores_rating,instant_bookable,price_per_person,minimum_price,discount_per_5_days_booked,discount_per_10_days_booked,discount_per_30_and_more_days_booked,service_cost,available,five_day_dollar_price
0,2818,1.0,True,Oostelijk Havengebied - Indische Buurt,52.36435,4.94358,Private room,2,1,2,4,49.0,3,28,True,3,4,4.47,True,24.5,147.0,0.08,0.1,0.14,0.99,0.20821917808219179,346.90410958904107
1,20168,0.72,False,Centrum-Oost,52.36407,4.89393,Private room,2,1,1,7,106.0,1,365,True,0,0,4.44,True,53.0,106.0,0.08,0.16,0.2,4.99,0.0,528.4931506849315
2,27886,1.0,True,Centrum-West,52.38761,4.89188,Private room,2,1,1,12,126.0,2,356,True,0,0,4.94,True,63.0,252.0,0.06,0.1,0.21,4.99,0.0,632.1232876712329
3,28871,1.0,True,Centrum-West,52.36775,4.89092,Private room,2,1,1,4,75.0,2,1825,True,1,8,4.88,False,37.5,150.0,0.06,0.15,0.14,4.99,0.4273972602739726,375.26027397260276
4,29051,1.0,True,Centrum-Oost,52.36584,4.89111,Private room,1,1,1,1,55.0,2,730,True,4,6,4.36,False,55.0,110.0,0.05,0.13,0.17,2.99,0.3863013698630137,275.0
5,44391,0.6699999999999999,False,Centrum-Oost,52.37168,4.91471,Entire home/apt,4,2,2,1,240.0,3,730,True,0,0,4.71,False,60.0,720.0,0.09,0.17,0.29,4.99,0.0,1200.0
6,49552,0.92,True,Centrum-West,52.38028,4.89089,Entire home/apt,3,2,2,5,232.0,3,1125,True,0,8,4.91,False,77.33,696.0,0.1,0.25,0.25,4.99,0.46301369863013697,1162.4657534246576
7,50523,0.58,False,Centrum-West,52.36811,4.88262,Private room,2,1,1,8,118.0,2,365,True,3,3,4.87,False,59.0,236.0,0.06,0.12,0.17,4.99,0.6465753424657534,601.5753424657535
8,55709,0.19000000000000006,False,Centrum-Oost,52.358112,4.897637,Entire home/apt,2,1,1,5,151.0,3,30,True,0,0,4.95,False,75.5,453.0,0.09,0.19,0.24,4.99,0.0027397260273972603,818.6849315068494
9,55868,0.0,False,Zuid,52.35597,4.88512,Entire home/apt,4,2,2,1,149.0,4,21,True,0,0,4.86,False,37.25,596.0,0.06,0.14,0.18,4.99,0.0,749.2191780821918
10,62015,0.8300000000000001,False,Oud-Oost,52.36431,4.93122,Entire home/apt,2,1,1,4,120.0,2,6,True,0,0,4.91,False,60.0,240.0,0.06,0.22,0.2,4.99,0.4246575342465753,600.0
11,80635,0.87,True,Centrum-West,52.37828,4.8944,Private room,1,1,1,1,82.0,3,1125,True,0,0,4.77,True,82.0,246.0,0.05,0.11,0.15,4.99,0.0,409.24657534246575
12,82482,0.94,True,Centrum-West,52.36968,4.88122,Entire home/apt,4,2,2,8,109.0,2,28,True,4,6,4.49,False,27.25,218.0,0.05,0.19,0.18,4.99,0.6191780821917808,577.7260273972603
13,91535,0.9500000000000001,True,De Pijp - Rivierenbuurt,52.35774,4.89647,Private room,2,1,1,7,145.0,1,18,True,8,6,4.84,True,72.5,145.0,0.07,0.1,0.16,4.99,0.15342465753424658,687.8082191780821
14,97221,1.0,True,Slotervaart,52.34801,4.83639,Private room,2,1,2,1,64.0,2,8,True,2,4,3.9,False,32.0,128.0,0.05,0.09,0.17,2.99,0.810958904109589,276.43835616438355
15,97476,0.78,False,Zuid,52.35665,4.86363,Entire home/apt,2,1,1,10,115.0,14,30,True,0,0,4.89,False,57.5,1610.0,0.07,0.14,0.18,4.99,0.0,575.0
16,137026,0.14,False,De Pijp - Rivierenbuurt,52.35178,4.90699,Entire home/apt,4,2,4,11,265.0,2,1125,True,0,0,4.77,False,66.25,530.0,0.13,0.25,0.27,4.99,0.18904109589041096,1328.5205479452054
17,162467,0.46,False,De Baarsjes - Oud-West,52.3627,4.85693,Entire home/apt,2,1,1,4,175.0,3,21,True,0,0,4.75,False,87.5,525.0,0.06,0.14,0.19,4.99,0.4328767123287671,761.7123287671233
18,168769,0.65,True,Centrum-West,52.37956,4.89359,Private room,1,1,1,3,88.0,3,1124,True,0,0,4.58,True,88.0,264.0,0.04,0.07,0.18,4.99,0.0,439.24657534246575
19,169356,0.44000000000000006,False,Centrum-West,52.38104,4.88306,Entire home/apt,2,1,1,11,195.0,7,7,True,0,0,5.0,False,97.5,1365.0,0.06,0.13,0.21,4.99,0.1780821917808219,975.0
20,179528,1.0,False,De Pijp - Rivierenbuurt,52.34332,4.89484,Entire home/apt,3,2,2,10,270.0,21,100,True,6,0,4.5,True,90.0,5670.0,0.08,0.21,0.28,4.99,0.1506849315068493,1476.164383561644
21,188347,0.77,False,De Baarsjes - Oud-West,52.3683,4.85446,Private room,2,1,1,3,111.0,1,6,True,4,0,4.65,False,55.5,111.0,0.07,0.12,0.19,4.99,0.1178082191780822,481.64383561643837
22,189754,1.0,True,Centrum-West,52.37548,4.89398,Entire home/apt,4,2,3,4,170.0,2,1125,True,3,7,4.77,True,42.5,340.0,0.09,0.17,0.14,4.99,0.43561643835616437,992.1780821917808
23,193038,1.0,True,Centrum-Oost,52.36057,4.89671,Private room,2,1,1,4,121.0,3,31,True,2,5,4.96,True,60.5,363.0,0.07,0.15,0.18,4.99,0.2054794520547945,600.0
24,214531,0.5,True,Centrum-West,52.37169,4.89446,Private room,3,1,2,5,115.0,3,50,True,0,0,4.83,False,38.33,345.0,0.1,0.13,0.18,4.99,0.0,620.7671232876712
25,219276,0.87,False,Centrum-West,52.36883,4.88749,Private room,2,1,1,17,300.0,2,760,True,5,1,5.0,False,150.0,600.0,0.16,0.16,0.24,4.99,0.3835616438356164,1500.0
26,222516,1.0,False,De Baarsjes - Oud-West,52.36271,4.85875,Entire home/apt,2,1,1,8,119.0,7,21,True,0,1,4.71,False,59.5,833.0,0.07,0.15,0.2,4.99,0.0,606.6438356164383
27,245927,1.0,True,Centrum-West,52.36815,4.88604,Entire home/apt,4,2,3,23,515.0,2,180,True,0,1,4.58,True,128.75,1030.0,0.1,0.22,0.25,10.99,0.6410958904109589,3529.6301369863013
28,247805,0.9400000000000001,False,De Baarsjes - Oud-West,52.36707,4.87348,Private room,2,1,1,8,122.0,2,365,True,1,5,4.86,False,61.0,244.0,0.08,0.11,0.16,4.99,0.684931506849315,609.2465753424658
29,252080,0.74,False,Centrum-Oost,52.36936,4.90963,Entire home/apt,4,2,2,16,385.0,4,30,True,0,0,4.89,False,96.25,1540.0,0.06,0.23,0.16,4.99,0.4520547945205479,1917.7945205479452
30,254800,0.9199999999999999,True,Centrum-West,52.37122,4.88211,Entire home/apt,2,1,1,7,325.0,2,1125,True,1,0,4.93,False,162.5,650.0,0.11,0.15,0.2,4.99,0.6931506849315069,1500.4109589041095
31,255809,0.66,True,De Pijp - Rivierenbuurt,52.34416,4.88709,Private room,4,1,2,17,182.0,2,20,True,3,3,4.87,False,45.5,364.0,0.06,0.08,0.16,4.99,0.810958904109589,840.068493150685
32,274688,0.36,False,Bos en Lommer,52.37977,4.85574,Entire home/apt,2,1,1,5,88.0,4,30,True,0,0,4.85,False,44.0,352.0,0.05,0.1,0.18,4.99,0.0,439.24657534246575
33,283170,0.89,False,Zuid,52.35435,4.87316,Entire home/apt,12,6,12,39,1036.0,2,90,True,29,1,4.06,True,86.33,2072.0,0.11,0.26,0.27,10.99,0.7287671232876712,5211.643835616438
34,286374,0.38,False,Geuzenveld - Slotermeer,52.37725,4.83307,Entire home/apt,4,2,2,1,130.0,4,21,True,0,1,4.75,False,32.5,520.0,0.06,0.14,0.18,4.99,0.7013698630136986,650.0
35,286500,0.8400000000000001,True,Centrum-West,52.37561,4.9,Private room,2,1,1,5,162.0,3,365,True,1,3,4.89,True,81.0,486.0,0.09,0.21,0.18,4.99,0.6136986301369863,941.4657534246576
36,290701,1.0,True,Centrum-West,52.37561,4.9,Private room,2,1,1,4,161.0,3,365,True,3,6,4.85,True,80.5,483.0,0.08,0.19,0.2,4.99,0.6794520547945205,931.8219178082192
37,291752,0.6,False,Oud-Oost,52.35179,4.91082,Private room,2,1,1,2,105.0,3,1125,True,1,0,4.86,False,52.5,315.0,0.06,0.17,0.16,4.99,0.7945205479452054,523.4931506849315
38,304082,0.6599999999999999,True,Centrum-West,52.37239,4.89657,Private room,2,1,2,8,137.0,2,1125,True,4,4,4.77,False,68.5,274.0,0.07,0.18,0.2,4.99,0.7123287671232876,698.931506849315
39,304143,1.0,False,Oud-Oost,52.3623,4.92028,Entire home/apt,2,1,1,6,95.0,3,30,True,0,0,4.55,False,47.5,285.0,0.04,0.1,0.17,4.99,0.0,475.0
40,306852,0.79,False,Centrum-Oost,52.35931,4.89844,Entire home/apt,4,2,2,7,200.0,4,21,True,0,2,4.61,False,50.0,800.0,0.07,0.24,0.2,4.99,0.08493150684931507,1000.0
41,307621,0.51,False,Centrum-Oost,52.35871,4.89616,Entire home/apt,2,1,1,7,125.0,3,21,True,0,0,4.5,False,62.5,375.0,0.08,0.2,0.18,4.99,0.0,625.0
42,308028,0.55,False,Centrum-Oost,52.35972,4.8975,Private room,2,1,1,8,95.0,3,10,True,0,0,4.77,False,47.5,285.0,0.06,0.15,0.14,4.99,0.0,475.0
43,311124,0.38,False,Centrum-West,52.37104,4.87713,Entire home/apt,2,1,1,10,225.0,5,15,True,0,1,4.75,False,112.5,1125.0,0.06,0.13,0.17,4.99,0.8684931506849315,1127.7397260273972
44,319985,0.74,False,De Pijp - Rivierenbuurt,52.35669,4.90187,Entire home/apt,4,2,2,8,231.0,1,90,True,2,7,4.75,False,57.75,231.0,0.09,0.14,0.23,4.99,0.3013698630136986,1234.849315068493
45,327285,0.5900000000000001,False,De Pijp - Rivierenbuurt,52.35625,4.89323,Private room,4,1,6,15,239.0,2,30,True,0,4,4.94,True,59.75,478.0,0.1,0.16,0.18,4.99,0.0,1196.2328767123288
46,343094,1.0,False,Oud-Oost,52.35715,4.90926,Private room,2,1,1,4,100.0,3,30,True,3,4,4.89,True,50.0,300.0,0.08,0.15,0.18,4.99,0.3561643835616438,516.1780821917808
47,357980,1.0,True,De Baarsjes - Oud-West,52.36348,4.87648,Entire home/apt,4,2,4,10,232.0,2,1125,True,0,1,4.87,False,58.0,464.0,0.09,0.23,0.28,4.99,0.08767123287671233,1213.4109589041095
48,366438,0.65,False,Centrum-Oost,52.36738,4.89671,Private room,2,1,1,10,130.0,2,60,True,2,6,4.74,True,65.0,260.0,0.06,0.16,0.18,4.99,0.2273972602739726,694.5342465753424
49,367107,0.0,False,Centrum-Oost,52.36263,4.90216,Entire home/apt,2,1,1,11,182.0,5,30,True,5,0,5.0,False,91.0,910.0,0.06,0.19,0.2,4.99,0.07397260273972603,910.6164383561644
50,367491,1.0,False,De Baarsjes - Oud-West,52.364,4.87814,Entire home/apt,2,1,1,9,174.0,3,19,True,0,0,4.91,False,87.0,522.0,0.08,0.17,0.21,4.99,0.0,847.2328767123288
51,379885,0.64,False,De Pijp - Rivierenbuurt,52.35465,4.9061,Private room,2,1,1,13,297.0,3,180,True,5,1,4.66,True,148.5,891.0,0.11,0.13,0.2,4.99,0.2219178082191781,1422.958904109589
52,396125,0.44000000000000006,False,Centrum-West,52.37824,4.88532,Private room,2,1,1,1,70.0,3,14,True,1,0,4.45,False,35.0,210.0,0.06,0.09,0.15,2.99,0.0027397260273972603,350.0
53,402353,0.98,False,Watergraafsmeer,52.35338,4.93407,Private room,2,1,1,6,139.0,2,1125,True,2,4,4.85,True,69.5,278.0,0.06,0.13,0.19,4.99,0.6410958904109589,683.082191780822
54,414865,0.0,False,Zuid,52.35043,4.84676,Entire home/apt,2,1,1,5,110.0,4,30,True,2,1,4.88,False,55.0,440.0,0.07,0.17,0.18,4.99,0.038356164383561646,561.5616438356165
55,415619,0.42,False,Oostelijk Havengebied - Indische Buurt,52.36905,4.93528,Entire home/apt,3,2,1,2,145.0,2,30,True,0,0,4.93,False,48.33,290.0,0.08,0.16,0.14,4.99,0.41643835616438357,741.7534246575342
56,437757,1.0,True,De Pijp - Rivierenbuurt,52.35503,4.90516,Entire home/apt,2,1,1,5,145.0,3,7,True,0,1,4.63,False,72.5,435.0,0.07,0.16,0.18,4.99,0.005479452054794521,550.972602739726
57,438089,1.0,False,De Baarsjes - Oud-West,52.36116,4.86608,Private room,2,1,1,12,129.0,4,60,True,2,1,4.78,True,64.5,516.0,0.07,0.18,0.14,4.99,0.4383561643835616,645.0
58,440992,0.62,False,Zuid,52.341621,4.849049,Entire home/apt,4,2,2,9,200.0,3,60,True,2,3,4.87,False,50.0,600.0,0.07,0.29,0.25,4.99,0.13150684931506848,1000.0
59,441424,0.92,False,Oostelijk Havengebied - Indische Buurt,52.37281,4.94303,Entire home/apt,4,2,3,6,150.0,3,30,True,0,0,4.55,False,37.5,450.0,0.06,0.26,0.15,4.99,0.005479452054794521,751.4383561643835
60,445660,1.0,True,De Baarsjes - Oud-West,52.37001,4.85646,Private room,3,1,3,9,79.0,2,30,True,2,5,4.79,True,26.33,158.0,0.05,0.1,0.16,4.99,0.6273972602739726,392.8767123287671
61,446999,1.0,False,De Baarsjes - Oud-West,52.35927,4.86529,Private room,2,1,1,3,119.0,4,90,True,10,0,4.77,True,59.5,476.0,0.07,0.18,0.18,4.99,0.4438356164383562,595.0
62,450767,1.0,True,Centrum-Oost,52.37006,4.90081,Entire home/apt,4,2,3,10,284.0,3,1125,True,0,3,4.63,False,71.0,852.0,0.11,0.21,0.25,4.99,0.5506849315068493,1386.7808219178082
63,462341,0.89,False,Centrum-West,52.3739,4.89263,Entire home/apt,2,1,2,14,176.0,3,20,True,0,1,4.97,False,88.0,528.0,0.07,0.21,0.2,4.99,0.0273972602739726,879.3424657534247
64,481664,0.93,False,Westerpark,52.39134,4.89067,Private room,2,1,1,4,105.0,2,14,True,3,5,4.69,False,52.5,210.0,0.06,0.17,0.2,4.99,0.6520547945205479,526.027397260274
65,494433,0.77,False,De Baarsjes - Oud-West,52.36812,4.85422,Entire home/apt,6,3,3,8,160.0,2,14,True,0,0,4.87,False,26.67,320.0,0.07,0.18,0.15,4.99,0.043835616438356165,821.8082191780821
66,505012,0.0,False,Centrum-Oost,52.36412,4.88757,Entire home/apt,4,2,5,7,299.0,3,30,True,1,0,4.72,False,74.75,897.0,0.14,0.27,0.35000000000000003,4.99,0.4383561643835616,1495.0
67,505650,0.8200000000000001,False,Zuid,52.35482,4.87438,Private room,3,1,3,6,140.0,3,21,True,0,2,4.96,False,46.67,420.0,0.05,0.19,0.19,4.99,0.6246575342465753,720.3424657534247
68,507598,0.0,False,Centrum-West,52.37694,4.88003,Entire home/apt,4,2,3,29,600.0,2,60,True,0,0,4.67,True,150.0,1200.0,0.13,0.17,0.26,10.99,0.7616438356164383,3215.068493150685
69,508433,1.0,False,Geuzenveld - Slotermeer,52.37166,4.82951,Entire home/apt,4,2,3,14,375.0,3,30,True,6,1,4.86,False,93.75,1125.0,0.13,0.18,0.24,4.99,0.01643835616438356,1664.7260273972602
70,515088,0.0,False,Noord-Oost,52.39675,4.99603,Private room,4,1,2,3,120.0,2,20,True,19,0,5.0,False,30.0,240.0,0.06,0.08,0.17,4.99,0.7698630136986301,600.0
71,515749,0.76,False,Centrum-Oost,52.35902,4.89606,Private room,4,1,1,12,165.0,3,365,True,4,5,4.85,False,41.25,495.0,0.07,0.15,0.21,4.99,0.7698630136986301,825.0
72,515921,0.10999999999999999,False,Zuid,52.35022,4.8525,Entire home/apt,4,2,1,4,165.0,3,30,True,1,0,4.19,False,41.25,495.0,0.08,0.18,0.19,4.99,0.057534246575342465,797.1917808219179
73,517996,0.04000000000000001,False,Centrum-West,52.37827,4.88568,Entire home/apt,2,1,1,14,410.0,3,1125,True,28,0,4.67,True,205.0,1230.0,0.08,0.26,0.13,10.99,0.40273972602739727,1872.3287671232877
74,522471,0.5,False,Bos en Lommer,52.3774,4.851,Entire home/apt,4,2,5,8,180.0,8,25,True,0,0,4.96,False,45.0,1440.0,0.07,0.14,0.17,4.99,0.030136986301369864,900.0
75,528022,0.97,False,Westerpark,52.39114,4.88846,Private room,2,1,1,7,100.0,2,30,True,1,4,4.87,False,50.0,200.0,0.07,0.12,0.15,4.99,0.6876712328767123,512.4657534246576
76,549310,0.6,False,De Baarsjes - Oud-West,52.37126,4.86241,Entire home/apt,5,3,4,10,200.0,2,1125,True,0,1,4.48,False,40.0,400.0,0.1,0.21,0.31,4.99,0.0,1433.6575342465753
77,553514,0.0,False,Westerpark,52.38444,4.86916,Entire home/apt,2,1,1,5,80.0,2,30,True,0,0,4.41,False,40.0,160.0,0.05,0.12,0.16,4.99,0.4246575342465753,400.0
78,556829,0.6900000000000001,False,Buitenveldert - Zuidas,52.33558,4.86878,Entire home/apt,2,1,1,14,148.0,3,1125,True,5,1,4.68,False,74.0,444.0,0.07,0.12,0.2,4.99,0.4383561643835616,662.4794520547945
79,568005,0.0,False,Zuid,52.3541,4.8815,Entire home/apt,2,1,1,6,140.0,2,1125,True,0,0,4.96,False,70.0,280.0,0.07,0.2,0.17,4.99,0.5917808219178082,700.0
80,568446,0.47000000000000003,False,Centrum-Oost,52.37079,4.90153,Entire home/apt,2,1,2,5,108.0,3,5,True,0,1,4.82,False,54.0,324.0,0.06,0.13,0.21,4.99,0.0,539.2465753424658
81,570753,0.35000000000000003,False,Zuid,52.34904,4.86765,Private room,3,1,2,1,75.0,4,30,True,6,1,4.87,False,25.0,300.0,0.06,0.11,0.17,4.99,0.43561643835616437,375.0
82,575603,0.3600000000000001,False,Centrum-Oost,52.36112,4.89462,Entire home/apt,4,2,4,6,245.0,5,35,True,0,0,4.82,False,61.25,1225.0,0.03,0.25,0.3,4.99,0.0136986301369863,1225.0
83,579851,1.0,True,Westerpark,52.39144,4.88436,Private room,2,1,1,10,124.0,2,1125,True,0,4,4.96,True,62.0,248.0,0.07,0.16,0.18,4.99,0.09863013698630137,663.9589041095891
84,582028,1.0,False,Slotervaart,52.36021571517094,4.843456508827677,Entire home/apt,3,2,1,5,211.0,5,17,True,5,0,4.8,False,70.33,1055.0,0.08,0.15,0.24,4.99,0.1178082191780822,819.6027397260274
85,582382,0.5800000000000001,False,Oud-Noord,52.39442,4.91478,Entire home/apt,5,3,3,2,170.0,4,14,True,0,0,4.78,False,34.0,680.0,0.09,0.15,0.2,4.99,0.0,850.0
86,588020,0.65,False,Centrum-Oost,52.36918,4.91316,Entire home/apt,6,3,6,9,316.0,3,90,True,2,3,4.49,True,52.67,948.0,0.04,0.18,0.24,4.99,0.6191780821917808,1799.86301369863
87,590236,0.64,False,De Baarsjes - Oud-West,52.36809,4.85436,Entire home/apt,2,1,1,3,120.0,4,8,True,0,1,4.85,False,60.0,480.0,0.06,0.17,0.19,4.99,0.4547945205479452,600.0
88,590681,1.0,False,Zuid,52.34788,4.8506,Entire home/apt,4,2,1,10,295.0,2,21,True,0,0,5.0,False,73.75,590.0,0.1,0.09,0.26,4.99,0.0,1475.0
89,606871,0.86,False,Westerpark,52.37621,4.87075,Private room,2,1,1,10,161.0,2,365,True,9,6,4.72,False,80.5,322.0,0.08,0.18,0.21,4.99,0.8684931506849315,641.5753424657535
90,608432,0.8200000000000001,True,Centrum-West,52.381996,4.888583,Private room,2,1,1,5,107.0,1,10,True,5,9,4.74,True,53.5,107.0,0.07,0.1,0.19,4.99,0.12876712328767123,425.82191780821915
91,613088,0.78,False,Noord-Oost,52.41016,4.96369,Private room,2,1,1,1,87.0,2,1125,True,0,2,4.86,False,43.5,174.0,0.06,0.12,0.15,4.99,0.7863013698630137,435.0
92,613110,1.0,False,IJburg - Zeeburgereiland,52.36368,4.9794,Private room,4,1,3,1,60.0,1,1125,True,20,2,3.96,True,15.0,60.0,0.06,0.12,0.16,2.99,0.42191780821917807,451.0
93,623123,0.8,False,De Baarsjes - Oud-West,52.36247,4.86534,Entire home/apt,4,2,2,10,450.0,4,14,True,0,0,4.32,True,112.5,1800.0,0.16,0.22,0.32,10.99,0.019178082191780823,2329.3150684931506
94,627188,1.0,True,Centrum-West,52.381996,4.888583,Private room,2,1,1,13,119.0,1,10,True,0,13,4.84,True,59.5,119.0,0.07,0.14,0.17,4.99,0.1095890410958904,471.06849315068496
95,627213,0.6699999999999999,False,Zuid,52.35094,4.88552,Entire home/apt,5,3,3,10,100.0,7,30,True,0,0,5.0,False,20.0,700.0,0.07,0.16,0.2,4.99,0.0,799.4109589041096
96,633585,0.96,False,De Pijp - Rivierenbuurt,52.34918,4.89197,Entire home/apt,2,1,1,5,125.0,4,61,True,0,0,4.83,False,62.5,500.0,0.05,0.12,0.15,4.99,0.4246575342465753,625.1095890410959
97,634170,1.0,True,Westerpark,52.38388,4.86562,Entire home/apt,4,2,4,3,109.0,14,1125,True,0,0,4.88,False,27.25,1526.0,0.07,0.12,0.16,4.99,0.06027397260273973,542.7397260273973
98,635019,0.21,False,Bos en Lommer,52.3786,4.84948,Entire home/apt,2,1,1,3,150.0,2,6,True,0,1,4.82,False,75.0,300.0,0.07,0.22,0.18,4.99,0.0,750.0
99,653459,1.0,False,Buitenveldert - Zuidas,52.32237,4.86024,Entire home/apt,4,2,5,9,240.0,6,28,True,0,0,4.94,False,60.0,1440.0,0.06,0.12,0.21,4.99,0.23013698630136986,1202.6575342465753
100,654931,1.0,True,Centrum-West,52.37167,4.8948,Hotel room,2,1,1,5,94.0,1,1125,True,0,5,4.85,True,47.0,94.0,0.05,0.1,0.15,4.99,0.3589041095890411,671.0
101,655216,1.0,True,Centrum-West,52.37098,4.89434,Hotel room,2,1,1,9,106.0,1,1125,True,0,9,4.87,True,53.0,106.0,0.07,0.1,0.18,4.99,0.3917808219178082,664.6986301369863
102,658063,0.91,False,De Baarsjes - Oud-West,52.36188,4.87694,Private room,4,1,3,2,146.0,3,1125,True,3,2,4.36,False,36.5,438.0,0.06,0.07,0.18,4.99,0.06027397260273973,757.054794520548
103,660856,0.8300000000000001,False,Watergraafsmeer,52.3551,4.93262,Entire home/apt,4,2,6,15,275.0,7,33,True,1,0,4.82,False,68.75,1925.0,0.08,0.29,0.2,4.99,0.005479452054794521,1396.2328767123288
104,664697,0.0,False,Oud-Noord,52.38537,4.90241,Entire home/apt,2,1,1,8,87.0,30,180,True,4,0,4.33,False,43.5,2610.0,0.05,0.1,0.15,4.99,0.8273972602739726,435.0
105,667305,0.92,False,Noord-West,52.41878,4.89397,Entire home/apt,2,1,1,5,146.0,5,120,True,19,3,5.0,False,73.0,730.0,0.06,0.14,0.16,4.99,0.9342465753424658,728.4931506849315
106,679838,0.5900000000000001,False,Centrum-Oost,52.36716,4.90462,Entire home/apt,2,1,1,14,395.0,3,10,True,0,0,4.94,False,197.5,1185.0,0.12,0.15,0.23,4.99,0.0,2195.4383561643835
107,683431,1.0,False,De Pijp - Rivierenbuurt,52.34557,4.8962,Private room,2,1,1,5,75.0,1,14,True,4,9,4.64,False,37.5,75.0,0.05,0.1,0.16,4.99,0.26575342465753427,413.71232876712327
108,685990,1.0,True,Geuzenveld - Slotermeer,52.38296,4.83786,Private room,2,1,2,7,71.0,4,25,True,4,5,4.3,True,35.5,284.0,0.05,0.06,0.15,2.99,0.8986301369863013,321.32876712328766
109,689623,0.7300000000000001,False,Centrum-Oost,52.3737,4.92581,Entire home/apt,2,1,1,1,120.0,14,60,True,2,0,4.73,False,60.0,1680.0,0.08,0.19,0.19,4.99,0.10684931506849316,600.0
110,690757,1.0,False,Centrum-West,52.374,4.89902,Private room,3,1,2,7,187.0,2,1125,True,5,5,4.51,True,62.33,374.0,0.11,0.21,0.2,4.99,0.8054794520547945,932.068493150685
111,693675,0.22,False,De Baarsjes - Oud-West,52.35925,4.8514,Entire home/apt,2,1,2,2,95.0,1,4,True,0,0,4.73,False,47.5,95.0,0.04,0.09,0.16,4.99,0.0,475.0
112,702120,0.5,False,Westerpark,52.38384,4.87303,Entire home/apt,2,1,1,1,136.0,2,7,True,0,0,4.82,False,68.0,272.0,0.06,0.17,0.19,4.99,0.4246575342465753,678.4931506849315
113,708528,0.69,False,De Pijp - Rivierenbuurt,52.35537,4.89477,Private room,2,1,1,7,139.0,3,10,True,1,3,4.87,False,69.5,417.0,0.07,0.15,0.17,4.99,0.03561643835616438,650.8219178082192
114,713577,1.0,True,Oud-Oost,52.35673,4.90778,Private room,2,1,1,7,82.0,1,1125,True,0,13,4.56,True,41.0,82.0,0.05,0.13,0.15,4.99,0.1863013698630137,406.6164383561644
115,716107,0.6,False,De Baarsjes - Oud-West,52.36462,4.86824,Entire home/apt,2,1,1,5,120.0,2,1125,True,0,0,4.69,True,60.0,240.0,0.03,0.13,0.18,4.99,0.0,600.0
116,719623,0.08000000000000007,False,Centrum-West,52.38284,4.89007,Entire home/apt,2,1,1,6,156.0,4,150,True,0,0,4.61,False,78.0,624.0,0.09,0.23,0.22,4.99,0.4246575342465753,780.0
117,721291,0.85,False,Westerpark,52.37752,4.87086,Private room,1,1,2,1,72.0,2,180,True,0,0,4.470000000000001,False,72.0,144.0,0.05,0.16,0.17,2.99,0.6547945205479452,359.24657534246575
118,728144,0.99,True,Centrum-Oost,52.36112,4.89632,Entire home/apt,4,2,4,9,214.0,3,1125,True,0,1,4.89,False,53.5,642.0,0.07,0.1,0.25,4.99,0.0,1079.1780821917807
119,728145,0.38,False,De Pijp - Rivierenbuurt,52.35344,4.8954,Entire home/apt,2,1,1,13,290.0,1,14,True,0,2,4.98,False,145.0,290.0,0.13,0.23,0.25,4.99,0.4191780821917808,1360.13698630137
120,729317,1.0,True,Centrum-Oost,52.36052,4.89568,Private room,2,1,1,10,116.0,3,14,True,0,2,4.68,True,58.0,348.0,0.05,0.13,0.17,4.99,0.0,557.9589041095891
121,730916,1.0,True,Westerpark,52.3731,4.86859,Private room,2,1,1,3,85.0,3,90,True,10,4,4.74,False,42.5,255.0,0.06,0.12,0.16,4.99,0.6410958904109589,425.4931506849315
122,741043,1.0,False,Westerpark,52.37654,4.87003,Entire home/apt,4,2,3,18,495.0,2,1125,True,0,0,4.33,True,123.75,990.0,0.12,0.25,0.23,10.99,0.547945205479452,2769.3698630136987
123,742160,0.6100000000000001,False,Centrum-Oost,52.36866,4.92071,Entire home/apt,16,8,24,28,886.0,2,60,True,9,0,4.64,True,55.38,1772.0,0.15,0.16,0.27,10.99,0.7178082191780822,4344.520547945205
124,744659,0.95,True,Oud-Oost,52.35659,4.90827,Private room,2,1,1,3,111.0,1,10,True,0,3,4.92,False,55.5,111.0,0.06,0.14,0.18,4.99,0.6712328767123288,557.1232876712329
125,746067,0.56,False,Centrum-West,52.38295,4.88726,Entire home/apt,2,1,1,6,136.0,3,100,True,0,0,4.7,False,68.0,408.0,0.08,0.15,0.21,4.99,0.0,678.7671232876712
126,747847,0.22,False,De Baarsjes - Oud-West,52.36131,4.8519,Private room,1,1,1,1,60.0,2,5,True,0,0,4.4799999999999995,False,60.0,120.0,0.05,0.13,0.16,2.99,0.0,300.0
127,754020,0.57,False,De Pijp - Rivierenbuurt,52.34829,4.91047,Entire home/apt,4,2,2,7,199.0,5,90,True,0,2,4.86,False,49.75,995.0,0.09,0.21,0.2,4.99,0.1643835616438356,828.2876712328767
128,754613,0.4099999999999999,True,Centrum-Oost,52.37266,4.90456,Entire home/apt,4,2,3,11,250.0,4,250,True,3,5,4.93,False,62.5,1000.0,0.1,0.19,0.19,4.99,0.2493150684931507,1355.4794520547946
129,755431,1.0,True,De Baarsjes - Oud-West,52.37066,4.87405,Private room,3,1,2,1,125.0,2,1125,True,1,4,4.93,False,41.67,250.0,0.07,0.17,0.19,4.99,0.5424657534246575,625.0
130,758475,0.0,False,De Baarsjes - Oud-West,52.36827,4.87107,Entire home/apt,4,2,1,10,100.0,6,60,True,0,0,4.74,False,25.0,600.0,0.07,0.12,0.22,4.99,0.0,499.86301369863014
131,759060,0.55,False,Centrum-West,52.36754,4.88733,Entire home/apt,4,2,2,9,325.0,3,60,True,0,0,4.94,False,81.25,975.0,0.12,0.24,0.24,4.99,0.0,2197.958904109589
132,759299,0.22,False,De Baarsjes - Oud-West,52.36115,4.85209,Entire home/apt,4,2,5,4,225.0,2,14,True,2,0,4.78,False,56.25,450.0,0.1,0.22,0.26,4.99,0.27123287671232876,1129.7945205479452
133,759402,0.0,False,Centrum-West,52.36652,4.87854,Entire home/apt,2,1,2,7,180.0,6,30,True,0,0,4.9,False,90.0,1080.0,0.06,0.15,0.17,4.99,0.0,900.0
134,761411,1.0,False,Noord-Oost,52.40164,4.95106,Private room,2,1,1,2,62.0,2,365,True,7,5,4.08,True,31.0,124.0,0.06,0.09,0.15,2.99,0.8575342465753425,310.6986301369863
135,768274,0.88,False,Westerpark,52.38855,4.88521,Entire home/apt,2,1,1,11,229.0,2,1125,True,0,2,4.81,True,114.5,458.0,0.11,0.19,0.19,4.99,0.4602739726027397,1026.2054794520548
136,768737,1.0,False,Westerpark,52.37824,4.86826,Private room,2,1,1,5,109.0,2,1125,True,1,4,4.8,True,54.5,218.0,0.04,0.14,0.16,4.99,0.18082191780821918,631.4657534246576
137,771343,0.76,True,Centrum-West,52.37641,4.88303,Private room,2,1,1,6,117.0,1,4,True,1,7,4.89,True,58.5,117.0,0.08,0.15,0.18,4.99,0.36164383561643837,591.2054794520548
138,771758,1.0,True,Slotervaart,52.34985,4.83578,Private room,2,1,1,1,67.0,2,8,True,1,1,4.24,False,33.5,134.0,0.06,0.15,0.16,2.99,0.8821917808219178,285.6164383561644
139,775655,0.9700000000000001,False,Centrum-Oost,52.37026,4.89931,Private room,2,1,1,5,135.0,3,31,True,0,1,4.61,True,67.5,405.0,0.07,0.16,0.13,4.99,0.6328767123287671,683.8356164383562
140,780674,0.5700000000000001,False,Centrum-Oost,52.36855,4.90766,Entire home/apt,2,1,1,10,149.0,2,15,True,0,0,4.87,False,74.5,298.0,0.06,0.14,0.15,4.99,0.0,866.5616438356165
141,782254,0.7899999999999999,False,Centrum-West,52.37142,4.89036,Entire home/apt,4,2,3,22,399.0,2,10,True,0,0,4.65,False,99.75,798.0,0.14,0.23,0.19,4.99,0.0,1995.0
142,785432,1.0,True,Centrum-Oost,52.36856,4.89896,Entire home/apt,4,2,3,4,200.0,2,1124,True,2,7,4.77,True,50.0,400.0,0.09,0.17,0.18,4.99,0.5287671232876713,1000.0
143,794322,1.0,True,Centrum-Oost,52.37048,4.90385,Private room,2,1,1,4,161.0,1,1125,True,4,3,4.75,False,80.5,161.0,0.08,0.24,0.22,4.99,0.726027397260274,984.082191780822
144,800723,0.0,False,De Baarsjes - Oud-West,52.36884,4.86127,Entire home/apt,4,2,2,5,150.0,4,14,True,0,0,4.83,False,37.5,600.0,0.07,0.17,0.17,4.99,0.005479452054794521,750.0
145,801544,0.3400000000000001,False,De Pijp - Rivierenbuurt,52.35205,4.90267,Entire home/apt,3,2,2,8,160.0,2,1124,True,0,0,4.55,False,53.33,320.0,0.07,0.13,0.1,4.99,0.0,800.0
146,802052,0.72,True,Centrum-Oost,52.36476,4.90925,Private room,2,1,1,8,135.0,1,30,True,0,13,4.93,False,67.5,135.0,0.06,0.2,0.15,4.99,0.6547945205479452,658.8356164383562
147,805330,0.0,False,De Pijp - Rivierenbuurt,52.34725,4.89341,Entire home/apt,6,3,2,13,249.0,4,21,True,0,1,4.93,False,41.5,996.0,0.12,0.16,0.17,4.99,0.030136986301369864,1275.13698630137
148,816940,0.5900000000000001,False,Zuid,52.35323,4.85421,Entire home/apt,2,1,1,11,200.0,5,7,True,0,0,4.73,False,100.0,1000.0,0.1,0.23,0.18,4.99,0.021917808219178082,1000.0
149,818085,0.8799999999999999,True,Centrum-West,52.3767,4.8919,Private room,2,1,1,3,167.0,2,28,True,0,6,4.83,False,83.5,334.0,0.07,0.2,0.19,4.99,0.2410958904109589,912.0958904109589
150,818881,0.62,False,Centrum-Oost,52.36123,4.89619,Entire home/apt,2,1,1,8,122.0,7,60,True,2,0,4.69,False,61.0,854.0,0.06,0.15,0.18,4.99,0.46301369863013697,698.2739726027397
151,834233,0.64,False,Centrum-Oost,52.37272,4.90418,Private room,2,1,2,1,125.0,3,28,True,0,4,4.88,False,62.5,375.0,0.07,0.16,0.18,4.99,0.3835616438356164,634.5616438356165
152,835627,0.42000000000000004,False,Centrum-Oost,52.36899,4.91607,Entire home/apt,4,2,3,14,180.0,4,13,True,0,0,5.0,False,45.0,720.0,0.07,0.2,0.18,4.99,0.0,900.0
153,847093,0.46,False,De Baarsjes - Oud-West,52.3607,4.85991,Entire home/apt,4,2,5,8,150.0,4,1125,True,0,0,4.73,False,37.5,600.0,0.07,0.18,0.18,4.99,0.0136986301369863,803.082191780822
154,851044,0.7,False,Zuid,52.34025,4.8466,Entire home/apt,4,2,2,7,151.0,1,30,True,0,8,4.76,True,37.75,151.0,0.07,0.12,0.2,4.99,0.5424657534246575,939.3150684931506
155,854328,1.0,True,De Baarsjes - Oud-West,52.37262,4.87342,Entire home/apt,4,2,3,11,250.0,7,180,True,4,3,4.82,False,62.5,1750.0,0.07,0.19,0.29,4.99,0.1232876712328767,1496.1780821917807
156,862411,0.0,False,Centrum-West,52.38139,4.88541,Entire home/apt,2,1,1,5,180.0,93,365,True,29,0,4.9,False,90.0,16740.0,0.08,0.17,0.18,4.99,0.9972602739726028,900.0
157,865328,1.0,True,Zuid,52.35584,4.87401,Private room,4,1,3,3,140.0,2,35,True,0,3,4.94,False,35.0,280.0,0.08,0.15,0.17,4.99,0.6027397260273972,699.8630136986301
158,874076,0.62,False,Centrum-Oost,52.361362,4.890488,Private room,2,1,1,3,139.0,2,50,True,4,1,4.98,False,69.5,278.0,0.07,0.16,0.16,4.99,0.6465753424657534,759.3013698630137
159,874340,1.0,False,Noord-West,52.42379,4.88851,Private room,2,1,2,5,88.0,3,60,True,3,0,4.57,True,44.0,264.0,0.07,0.1,0.17,4.99,0.736986301369863,433.1095890410959
160,874688,0.24,False,Oud-Oost,52.35894,4.91171,Entire home/apt,6,3,8,15,359.0,4,360,True,0,0,4.78,False,59.83,1436.0,0.06,0.17,0.23,4.99,0.7013698630136986,1768.150684931507
161,877702,0.99,False,Centrum-Oost,52.36049,4.88982,Private room,2,1,2,7,170.0,2,40,True,0,0,4.98,False,85.0,340.0,0.07,0.19,0.19,4.99,0.6164383561643836,886.2739726027397
162,879986,0.8200000000000001,False,De Pijp - Rivierenbuurt,52.3418,4.91066,Private room,3,1,2,7,109.0,5,1125,True,3,4,4.71,True,36.33,545.0,0.05,0.12,0.19,4.99,0.6465753424657534,535.9589041095891
163,884329,0.99,True,De Aker - Nieuw Sloten,52.343079,4.788886,Private room,2,1,1,4,147.0,2,80,True,4,6,4.92,True,73.5,294.0,0.06,0.14,0.16,4.99,0.6876712328767123,692.1643835616438
164,886192,0.86,False,Noord-Oost,52.38462,5.01234,Entire home/apt,4,2,3,10,105.0,3,1125,True,21,0,4.68,False,26.25,315.0,0.06,0.11,0.17,4.99,0.40821917808219177,566.0958904109589
165,890288,0.39999999999999997,True,Zuid,52.35637,4.85373,Entire home/apt,4,2,2,14,350.0,2,30,True,0,1,4.88,False,87.5,700.0,0.11,0.23,0.25,4.99,0.4246575342465753,1583.4246575342465
166,890355,1.0,False,Westerpark,52.38875,4.87835,Entire home/apt,2,1,1,10,144.0,5,1125,True,0,0,4.7,True,72.0,720.0,0.07,0.12,0.16,4.99,0.0,717.7397260273973
167,895684,0.77,False,Westerpark,52.37342,4.8693,Entire home/apt,2,1,1,9,300.0,3,1125,True,0,1,4.93,False,150.0,900.0,0.05,0.24,0.24,4.99,0.5150684931506849,1500.0
168,901789,1.0,False,De Baarsjes - Oud-West,52.36897,4.85561,Entire home/apt,2,1,1,5,210.0,3,1125,True,0,0,4.89,True,105.0,630.0,0.1,0.07,0.23,4.99,0.0,755.4794520547945
169,906446,1.0,False,Buitenveldert - Zuidas,52.33229,4.87431,Private room,2,1,1,1,69.0,2,60,True,12,1,4.21,True,34.5,138.0,0.05,0.09,0.15,2.99,0.8958904109589041,345.0
170,916096,0.9299999999999999,False,Centrum-West,52.379,4.87909,Entire home/apt,4,2,2,12,210.0,4,30,True,0,0,4.65,False,52.5,840.0,0.09,0.24,0.26,4.99,0.4410958904109589,1050.0
171,916850,0.38,False,Noord-West,52.40666,4.90344,Entire home/apt,4,2,4,9,245.0,2,30,True,1,0,4.89,False,61.25,490.0,0.09,0.19,0.25,4.99,0.3452054794520548,1225.13698630137
172,919131,0.52,False,Zuid,52.35864,4.87632,Entire home/apt,6,3,4,13,399.0,4,30,True,0,0,4.96,False,66.5,1596.0,0.15,0.12,0.21,4.99,0.005479452054794521,1999.109589041096
173,920560,1.0,True,Watergraafsmeer,52.35448,4.93366,Private room,4,1,2,3,116.0,2,365,True,3,2,4.88,False,29.0,232.0,0.06,0.13,0.14,4.99,0.7561643835616438,757.945205479452
174,931270,1.0,True,Zuid,52.3395,4.84898,Entire home/apt,4,2,1,4,139.0,2,365,True,4,7,4.77,False,34.75,278.0,0.07,0.18,0.22,4.99,0.4986301369863014,673.9041095890411
175,932227,0.9400000000000001,False,De Baarsjes - Oud-West,52.3709,4.85301,Entire home/apt,2,1,1,3,130.0,3,14,True,0,0,4.9,False,65.0,390.0,0.05,0.14,0.2,4.99,0.005479452054794521,652.1232876712329
176,933523,1.0,True,IJburg - Zeeburgereiland,52.356197,4.991435,Private room,4,1,2,7,201.0,3,60,True,1,3,4.91,False,50.25,603.0,0.11,0.18,0.28,4.99,0.0684931506849315,1018.6301369863014
177,934060,0.35000000000000003,True,Oud-Noord,52.4016,4.89785,Private room,16,1,16,22,514.0,2,1125,True,0,0,4.609999999999999,True,32.12,1028.0,0.15,0.17,0.34,10.99,0.0,2570.5479452054797
178,937635,0.8,False,De Baarsjes - Oud-West,52.3624,4.86575,Entire home/apt,5,3,4,8,195.0,3,14,True,0,2,4.68,False,39.0,585.0,0.09,0.12,0.2,4.99,0.0,975.0
179,946142,1.0,True,Westerpark,52.37991,4.87414,Private room,2,1,2,7,95.0,3,34,True,0,3,4.8,False,47.5,285.0,0.05,0.13,0.15,4.99,0.4931506849315068,466.43835616438355
180,947437,0.87,False,Osdorp,52.35595,4.79661,Private room,2,1,1,6,85.0,2,365,True,1,1,4.86,False,42.5,170.0,0.05,0.13,0.14,4.99,0.7342465753424657,427.4657534246575
181,951483,0.54,False,Watergraafsmeer,52.35149,4.92265,Entire home/apt,4,2,3,6,140.0,3,30,True,0,1,4.71,False,35.0,420.0,0.06,0.14,0.19,4.99,0.4520547945205479,754.5342465753424
182,954629,1.0,True,Bijlmer-Centrum,52.32019,4.95501,Private room,2,1,2,1,72.0,2,31,True,1,6,3.9699999999999998,False,36.0,144.0,0.07,0.12,0.15,2.99,0.19726027397260273,345.5068493150685
183,954633,1.0,True,Bijlmer-Centrum,52.32019,4.95501,Private room,2,1,2,8,77.0,2,1125,True,4,4,4.85,False,38.5,154.0,0.06,0.15,0.16,4.99,0.5671232876712329,391.47945205479454
184,957396,0.1,False,IJburg - Zeeburgereiland,52.36073,4.98005,Entire home/apt,6,3,5,16,300.0,3,365,True,0,0,4.91,False,50.0,900.0,0.1,0.23,0.18,4.99,0.42191780821917807,1500.0
185,963328,0.74,True,Centrum-West,52.36561,4.88492,Private room,2,1,1,3,96.0,3,125,True,2,9,4.81,False,48.0,288.0,0.06,0.12,0.14,4.99,0.06575342465753424,442.0
186,964986,0.14,False,De Pijp - Rivierenbuurt,52.35531,4.90333,Entire home/apt,4,2,3,16,355.0,3,365,True,0,0,5.0,False,88.75,1065.0,0.07,0.3,0.26,4.99,0.26301369863013696,1773.4931506849316
187,969862,0.79,False,Zuid,52.34176,4.84782,Private room,2,1,2,1,95.0,2,7,True,7,2,4.68,False,47.5,190.0,0.04,0.12,0.15,4.99,0.7452054794520548,475.0
188,974240,0.7,True,Zuid,52.35049,4.84686,Private room,2,1,1,6,81.0,2,7,True,3,7,4.96,False,40.5,162.0,0.06,0.1,0.17,4.99,0.03561643835616438,411.17808219178085
189,978852,0.6,False,De Baarsjes - Oud-West,52.37225,4.86262,Private room,2,1,1,2,32.0,28,1124,True,0,0,3.6799999999999997,True,16.0,896.0,0.1,0.09,0.13,0.99,0.0,155.35616438356163
190,982907,0.64,False,Oostelijk Havengebied - Indische Buurt,52.37,4.95127,Entire home/apt,4,2,2,5,145.0,5,1125,True,2,0,4.78,False,36.25,725.0,0.09,0.18,0.15,4.99,0.021917808219178082,811.3013698630137
191,985155,0.33,False,Centrum-Oost,52.37042,4.91535,Entire home/apt,3,2,2,6,150.0,6,35,True,0,0,4.67,False,50.0,900.0,0.09,0.16,0.19,4.99,0.0,750.0
192,987355,0.88,False,Centrum-West,52.37486,4.89338,Shared room,2,1,2,2,83.0,2,30,True,6,4,4.53,True,41.5,166.0,0.04,0.12,0.15,4.99,0.8054794520547945,441.13698630136986
193,989222,0.28,False,De Pijp - Rivierenbuurt,52.35082,4.8877,Entire home/apt,2,1,1,11,190.0,6,21,True,0,2,4.72,False,95.0,1140.0,0.07,0.11,0.2,4.99,0.1506849315068493,950.0
194,995087,1.0,True,Westerpark,52.381615,4.877059,Private room,2,1,2,1,73.0,3,28,True,5,5,4.51,True,36.5,219.0,0.06,0.1,0.15,2.99,0.410958904109589,404.64383561643837
195,998754,0.37,False,De Baarsjes - Oud-West,52.36728,4.85926,Entire home/apt,6,3,6,15,429.0,1,1125,True,4,2,4.16,True,71.5,429.0,0.05,0.26,0.24,10.99,0.010958904109589041,1513.6986301369864
196,1008006,0.97,False,Westerpark,52.37998,4.86959,Private room,2,1,1,5,123.0,3,30,True,2,1,4.79,False,61.5,369.0,0.05,0.17,0.2,4.99,0.7013698630136986,615.5890410958904
197,1008223,1.0,True,Slotervaart,52.36369,4.83861,Private room,2,1,1,4,67.0,2,90,True,3,6,4.0600000000000005,False,33.5,134.0,0.06,0.12,0.15,2.99,0.10410958904109589,345.041095890411
198,1018639,0.2,False,Centrum-Oost,52.36181,4.88783,Private room,2,1,2,7,136.0,3,1125,True,0,0,4.61,False,68.0,408.0,0.07,0.18,0.19,4.99,0.0,681.986301369863
199,1018703,1.0,True,De Pijp - Rivierenbuurt,52.35099,4.886627,Private room,2,1,1,8,108.0,3,90,True,0,2,4.72,True,54.0,324.0,0.06,0.14,0.17,4.99,0.2,619.8356164383562
200,1020477,0.64,False,Centrum-West,52.37811,4.89196,Entire home/apt,2,1,1,13,307.0,5,8,True,4,0,4.91,False,153.5,1535.0,0.13,0.24,0.16,4.99,0.03287671232876712,1723.2876712328766
201,1021538,0.5,False,Slotervaart,52.35166,4.83893,Entire home/apt,5,3,3,9,249.0,7,20,True,0,0,5.0,False,49.8,1743.0,0.1,0.24,0.19,4.99,0.12054794520547946,1245.0
202,1025482,0.84,False,Oud-Noord,52.38355,4.90951,Private room,2,1,1,7,108.0,2,60,True,4,10,4.81,True,54.0,216.0,0.07,0.12,0.15,4.99,0.6246575342465753,536.2465753424658
203,1036888,0.09,False,Westerpark,52.38624,4.87244,Entire home/apt,2,1,1,6,148.0,3,7,True,1,0,4.81,False,74.0,444.0,0.07,0.14,0.21,4.99,0.3424657534246575,705.0
204,1038120,0.5,False,Westerpark,52.38865,4.88392,Entire home/apt,4,2,3,37,950.0,2,14,True,0,0,4.680000000000001,True,237.5,1900.0,0.08,0.24,0.34,10.99,0.8410958904109589,4750.0
205,1041309,0.72,False,Zuid,52.3543,4.88103,Entire home/apt,2,1,2,5,143.0,4,45,True,1,0,4.94,False,71.5,572.0,0.06,0.12,0.15,4.99,0.00821917808219178,753.013698630137
206,1044448,0.24000000000000002,False,Centrum-Oost,52.36377,4.91788,Entire home/apt,4,2,5,23,650.0,3,30,True,1,0,3.88,False,162.5,1950.0,0.14,0.29,0.27,10.99,0.6876712328767123,3101.301369863014
207,1044452,0.8,False,Westerpark,52.38912,4.87907,Entire home/apt,2,1,1,3,150.0,1,1,True,0,1,4.82,True,75.0,150.0,0.09,0.15,0.19,4.99,0.4246575342465753,750.0
208,1055703,1.0,True,De Baarsjes - Oud-West,52.36051,4.86451,Entire home/apt,6,3,3,12,291.0,7,180,True,5,3,4.97,False,48.5,2037.0,0.09,0.27,0.21,4.99,0.6767123287671233,1456.5753424657535
209,1057494,0.96,False,Zuid,52.34746,4.87559,Private room,2,1,1,1,78.0,2,4,True,4,3,4.42,False,39.0,156.0,0.06,0.08,0.16,4.99,0.04657534246575343,379.05479452054794
210,1058082,0.86,False,De Baarsjes - Oud-West,52.36324,4.8679,Entire home/apt,2,1,1,14,392.0,5,30,True,0,1,4.88,False,196.0,1960.0,0.09,0.18,0.24,4.99,0.4849315068493151,1957.4931506849316
211,1064108,0.17,True,Centrum-West,52.38302,4.8869,Entire home/apt,2,1,1,6,99.0,7,180,True,1,0,4.75,False,49.5,693.0,0.06,0.09,0.15,4.99,0.4794520547945205,495.0
212,1068565,0.54,False,IJburg - Zeeburgereiland,52.36064,4.97643,Entire home/apt,4,2,1,1,135.0,5,30,True,0,0,4.79,False,33.75,675.0,0.08,0.13,0.2,4.99,0.4328767123287671,675.0
213,1069142,0.99,False,Centrum-West,52.37228,4.89668,Private room,4,1,2,6,186.0,2,1125,True,7,6,4.47,True,46.5,372.0,0.07,0.18,0.17,4.99,0.8465753424657534,973.7397260273973
214,1071414,0.99,False,Oud-Oost,52.35764,4.9067,Entire home/apt,2,1,1,9,189.0,3,21,True,4,6,4.81,False,94.5,567.0,0.1,0.23,0.2,4.99,0.024657534246575342,945.0
215,1072171,0.0,False,Bos en Lommer,52.37729,4.86053,Entire home/apt,4,2,2,10,107.0,7,365,True,0,0,4.33,False,26.75,749.0,0.07,0.14,0.17,4.99,0.4246575342465753,535.6164383561644
216,1085099,0.67,False,Bos en Lommer,52.37839,4.84853,Entire home/apt,4,2,2,10,200.0,2,60,True,0,0,4.8,False,50.0,400.0,0.11,0.2,0.27,4.99,0.0,1000.0
217,1086795,1.0,True,Centrum-Oost,52.36218,4.89768,Private room,2,1,1,11,193.0,3,365,True,3,1,4.63,True,96.5,579.0,0.09,0.23,0.21,4.99,0.29041095890410956,1141.6712328767123
218,1088859,0.5700000000000001,False,De Baarsjes - Oud-West,52.36688,4.87684,Entire home/apt,2,1,1,4,110.0,3,30,True,0,1,4.87,False,55.0,330.0,0.07,0.17,0.18,4.99,0.010958904109589041,550.0
219,1095819,0.0,False,Oud-Oost,52.35696,4.92971,Entire home/apt,3,2,2,3,180.0,3,10,True,0,0,4.82,False,60.0,540.0,0.07,0.2,0.22,4.99,0.0,817.3972602739726
220,1100569,0.87,False,Osdorp,52.35622,4.79544,Private room,2,1,1,7,80.0,2,7,True,0,0,4.84,False,40.0,160.0,0.06,0.12,0.16,4.99,0.7589041095890411,400.0
221,1102846,0.9,False,Centrum-Oost,52.36474,4.90273,Entire home/apt,3,2,2,5,180.0,3,21,True,0,0,4.68,False,60.0,540.0,0.07,0.14,0.15,4.99,0.0027397260273972603,900.0
222,1104125,1.0,False,De Baarsjes - Oud-West,52.36603,4.86833,Entire home/apt,2,1,1,11,125.0,7,21,True,5,3,4.86,False,62.5,875.0,0.06,0.21,0.2,4.99,0.0136986301369863,625.0
223,1105128,0.9,True,Centrum-Oost,52.37309,4.90845,Private room,2,1,1,5,150.0,2,1125,True,3,0,4.9,False,75.0,300.0,0.07,0.12,0.18,4.99,0.7671232876712328,750.0
224,1105924,0.5,False,Watergraafsmeer,52.35339,4.94237,Entire home/apt,4,2,3,13,250.0,4,1125,True,1,0,4.4,False,62.5,1000.0,0.09,0.24,0.26,4.99,0.019178082191780823,1250.0
225,1106466,1.0,False,Gaasperdam - Driemond,52.30573,5.01471,Private room,2,1,1,1,41.0,2,5,True,0,0,4.1,True,20.5,82.0,0.1,0.09,0.14,0.99,0.7205479452054795,207.12328767123287
226,1116446,1.0,True,Bos en Lommer,52.37871,4.84688,Private room,2,1,1,1,74.0,1,360,True,1,0,4.25,False,37.0,74.0,0.06,0.11,0.16,2.99,0.16986301369863013,315.52054794520546
227,1120077,0.67,False,Bos en Lommer,52.37784086721657,4.861779064281085,Entire home/apt,2,1,1,10,287.0,2,1125,True,14,1,4.85,False,143.5,574.0,0.09,0.26,0.19,4.99,0.09315068493150686,1433.4383561643835
228,1132247,0.67,False,Westerpark,52.39054,4.88886,Entire home/apt,4,2,4,9,325.0,3,1125,True,0,0,4.81,False,81.25,975.0,0.12,0.18,0.32,4.99,0.7561643835616438,1625.0
229,1145866,0.96,True,Bos en Lommer,52.37802,4.84513,Private room,2,1,2,7,85.0,1,60,True,7,2,4.65,False,42.5,85.0,0.05,0.08,0.15,4.99,0.09315068493150686,431.36986301369865
230,1149380,1.0,True,Bijlmer-Centrum,52.31774,4.94647,Private room,4,1,4,1,55.0,1,1125,True,4,9,4.5600000000000005,True,13.75,55.0,0.05,0.15,0.16,2.99,0.7205479452054795,274.2054794520548
231,1155251,0.13,True,Centrum-West,52.38295,4.88854,Entire home/apt,2,1,1,11,135.0,7,180,True,3,1,4.83,False,67.5,945.0,0.09,0.18,0.14,4.99,0.5013698630136987,520.4794520547945
232,1155386,0.0,False,De Pijp - Rivierenbuurt,52.34227,4.91217,Entire home/apt,2,1,2,7,99.0,6,14,True,0,0,4.72,False,49.5,594.0,0.05,0.12,0.16,4.99,0.4383561643835616,499.3150684931507
233,1156220,0.5,False,De Baarsjes - Oud-West,52.36874,4.86693,Entire home/apt,4,2,4,16,300.0,2,21,True,0,0,5.0,False,75.0,600.0,0.07,0.12,0.38,4.99,0.0,1500.0
234,1158662,0.5,False,De Baarsjes - Oud-West,52.36042,4.86161,Entire home/apt,2,1,1,12,285.0,3,30,True,0,0,4.86,False,142.5,855.0,0.13,0.28,0.32,4.99,0.0,1424.86301369863
235,1162769,0.41000000000000003,False,Oud-Oost,52.35823,4.92035,Entire home/apt,4,2,4,15,295.0,4,1125,True,0,0,4.82,False,73.75,1180.0,0.09,0.11,0.26,4.99,0.4438356164383562,1475.0
236,1174506,0.08000000000000002,False,De Pijp - Rivierenbuurt,52.35043,4.90079,Entire home/apt,2,1,1,9,120.0,4,30,True,0,0,4.95,False,60.0,480.0,0.06,0.12,0.17,4.99,0.0,600.0
237,1182421,0.56,False,Oud-Noord,52.39259,4.91565,Entire home/apt,4,2,3,2,90.0,4,1125,True,0,0,4.5,False,22.5,360.0,0.06,0.1,0.16,4.99,0.030136986301369864,551.1095890410959
238,1195666,0.63,False,De Baarsjes - Oud-West,52.36501,4.87918,Entire home/apt,4,2,4,12,386.0,5,25,True,1,0,4.89,False,96.5,1930.0,0.12,0.18,0.22,4.99,0.3095890410958904,1894.1780821917807
239,1196088,0.89,False,Oud-Noord,52.38827,4.94617,Entire home/apt,4,2,3,15,149.0,2,14,True,3,9,4.66,False,37.25,298.0,0.07,0.17,0.16,4.99,0.2958904109589041,749.3287671232877
240,1201952,1.0,False,Oostelijk Havengebied - Indische Buurt,52.3639,4.93817,Entire home/apt,2,1,1,4,80.0,2,30,True,0,0,4.86,False,40.0,160.0,0.06,0.11,0.16,4.99,0.0,400.0
241,1223171,0.9400000000000001,False,De Baarsjes - Oud-West,52.367088,4.863511,Private room,4,1,4,1,107.0,2,1125,True,2,7,4.71,False,26.75,214.0,0.06,0.12,0.18,4.99,0.6794520547945205,525.7534246575342
242,1224695,0.4,False,De Baarsjes - Oud-West,52.37006,4.85853,Entire home/apt,2,1,1,7,150.0,8,1123,True,0,0,4.77,False,75.0,1200.0,0.06,0.16,0.24,4.99,0.1643835616438356,789.4931506849315
243,1225622,0.6,False,De Baarsjes - Oud-West,52.35936,4.86001,Entire home/apt,4,2,3,11,160.0,5,30,True,0,0,4.92,False,40.0,800.0,0.09,0.13,0.22,4.99,0.005479452054794521,883.9041095890411
244,1232048,0.71,False,Oud-Noord,52.38418,4.90779,Private room,2,1,1,5,82.0,2,1125,True,0,6,4.53,True,41.0,164.0,0.06,0.16,0.15,4.99,0.6164383561643836,402.83561643835617
245,1236227,1.0,True,Centrum-West,52.36646,4.88235,Entire home/apt,4,2,2,23,434.0,1,365,True,2,3,4.52,False,108.5,434.0,0.1,0.14,0.29,10.99,0.5452054794520548,2369.780821917808
246,1246242,0.5900000000000001,False,Oud-Noord,52.39238,4.92899,Entire home/apt,4,2,3,14,299.0,2,30,True,0,0,4.78,False,74.75,598.0,0.06,0.24,0.17,4.99,0.021917808219178082,1516.041095890411
247,1250364,0.15,False,De Pijp - Rivierenbuurt,52.35263,4.89093,Entire home/apt,4,2,3,10,260.0,3,1125,True,0,0,4.84,False,65.0,780.0,0.07,0.16,0.23,4.99,0.40821917808219177,1300.0
248,1260229,1.0,False,Centrum-West,52.383,4.89161,Entire home/apt,2,1,3,6,190.0,3,30,True,1,0,4.74,False,95.0,570.0,0.07,0.15,0.15,4.99,0.005479452054794521,861.2328767123288
249,1271700,0.44,False,De Baarsjes - Oud-West,52.36062,4.86901,Entire home/apt,4,2,3,10,300.0,3,14,True,0,1,4.86,False,75.0,900.0,0.13,0.23,0.23,4.99,0.00821917808219178,1500.0
250,1272352,1.0,False,Bos en Lommer,52.37537,4.86019,Private room,2,1,1,7,127.0,3,100,True,0,4,4.67,True,63.5,381.0,0.07,0.13,0.15,4.99,0.473972602739726,654.3013698630137
251,1291054,1.0,False,Noord-West,52.42397,4.88864,Hotel room,2,1,1,1,81.0,3,60,True,1,1,4.51,True,40.5,243.0,0.06,0.11,0.16,4.99,0.7808219178082192,398.1917808219178
252,1311373,0.25,False,De Baarsjes - Oud-West,52.37108,4.87389,Entire home/apt,4,2,6,2,280.0,4,1125,True,0,0,4.89,True,70.0,1120.0,0.09,0.22,0.2,4.99,0.0136986301369863,1445.2876712328766
253,1315392,0.6599999999999999,True,Centrum-West,52.38123,4.88619,Entire home/apt,2,1,1,4,140.0,7,180,True,2,1,4.75,False,70.0,980.0,0.06,0.16,0.15,4.99,0.5123287671232877,532.5342465753424
254,1316990,0.53,True,Centrum-West,52.38145,4.8849,Entire home/apt,4,2,2,8,196.0,7,180,True,2,2,4.82,False,49.0,1372.0,0.06,0.17,0.19,4.99,0.07945205479452055,913.082191780822
255,1320353,0.25,True,Centrum-West,52.3815,4.88538,Entire home/apt,2,1,1,1,110.0,7,180,True,12,0,4.9,False,55.0,770.0,0.07,0.14,0.18,4.99,0.684931506849315,566.986301369863
256,1320438,0.17,True,Centrum-West,52.3814,4.88553,Entire home/apt,2,1,1,11,125.0,7,180,True,4,0,4.88,False,62.5,875.0,0.05,0.15,0.18,4.99,0.6904109589041096,625.0
257,1321735,0.62,True,Centrum-West,52.38295,4.88765,Entire home/apt,3,2,2,6,160.0,7,180,True,10,0,4.62,False,53.33,1120.0,0.07,0.14,0.19,4.99,0.6465753424657534,540.3013698630137
258,1328500,0.22,False,De Baarsjes - Oud-West,52.36871,4.87207,Entire home/apt,4,2,4,13,400.0,2,30,True,0,0,4.2299999999999995,True,100.0,800.0,0.09,0.19,0.22,10.99,0.3917808219178082,2035.6164383561643
259,1331157,0.29,False,IJburg - Zeeburgereiland,52.34861,5.00784,Entire home/apt,4,2,3,9,193.0,3,14,True,0,0,4.87,False,48.25,579.0,0.08,0.18,0.2,4.99,0.4410958904109589,963.013698630137
260,1338633,0.38,False,Oud-Noord,52.39319,4.9435,Private room,1,1,1,5,59.0,4,5,True,1,1,4.19,False,59.0,236.0,0.06,0.14,0.16,2.99,0.2876712328767123,295.0
261,1350096,1.0,True,Oud-Oost,52.35719,4.92193,Private room,2,1,1,1,115.0,1,29,True,5,4,4.86,True,57.5,115.0,0.08,0.18,0.15,4.99,0.7945205479452054,574.8630136986301
262,1350246,1.0,True,Oud-Oost,52.35719,4.92193,Private room,1,1,1,3,79.0,1,29,True,3,2,4.89,True,79.0,79.0,0.05,0.1,0.14,4.99,0.7643835616438356,381.3835616438356
263,1354077,0.0,False,Centrum-Oost,52.37141,4.90353,Entire home/apt,4,2,2,5,135.0,3,1125,True,0,0,4.43,False,33.75,405.0,0.07,0.15,0.2,4.99,0.0,675.0
264,1355777,0.81,False,De Baarsjes - Oud-West,52.36495,4.87367,Entire home/apt,4,2,2,17,456.0,2,2,True,0,1,4.3,True,114.0,912.0,0.09,0.23,0.2,10.99,0.0,2002.6712328767123
265,1358042,0.99,True,Noord-Oost,52.3809,4.96522,Private room,2,1,1,6,75.0,2,1125,True,5,5,4.94,True,37.5,150.0,0.07,0.13,0.15,4.99,0.7178082191780822,375.0
266,1364013,0.27,False,De Baarsjes - Oud-West,52.36055,4.8532,Entire home/apt,4,2,4,5,111.0,4,23,True,14,0,4.7,False,27.75,444.0,0.05,0.16,0.19,4.99,0.4547945205479452,591.986301369863
267,1366058,0.56,False,Oud-Noord,52.38295,4.9152,Entire home/apt,4,2,2,9,159.0,5,29,True,0,0,4.83,False,39.75,795.0,0.08,0.12,0.19,4.99,0.0,792.7397260273973
268,1375601,0.67,False,De Baarsjes - Oud-West,52.36104,4.85778,Private room,2,1,1,6,187.0,3,365,True,5,2,5.0,False,93.5,561.0,0.08,0.24,0.23,4.99,0.10410958904109589,933.6986301369863
269,1375612,0.78,False,Noord-Oost,52.39508,4.99186,Private room,4,1,4,7,77.0,2,1125,True,11,3,4.5,False,19.25,154.0,0.05,0.08,0.16,4.99,0.873972602739726,385.0
270,1378074,0.84,False,Centrum-Oost,52.36101,4.89042,Entire home/apt,2,1,1,9,150.0,2,1125,True,0,1,4.82,True,75.0,300.0,0.06,0.2,0.23,4.99,0.0410958904109589,770.8219178082192
271,1383369,0.68,False,Westerpark,52.38069,4.86826,Entire home/apt,3,2,1,1,100.0,4,500,True,5,2,4.75,False,33.33,400.0,0.08,0.16,0.17,4.99,0.0136986301369863,510.958904109589
272,1383494,0.29,False,Oostelijk Havengebied - Indische Buurt,52.36482231096632,4.9332502266687,Entire home/apt,2,1,1,8,60.0,30,31,True,0,0,4.71,False,30.0,1800.0,0.05,0.11,0.16,2.99,0.4246575342465753,443.3013698630137
273,1394668,0.9,False,De Baarsjes - Oud-West,52.37154,4.852,Private room,2,1,2,5,88.0,3,7,True,0,5,4.9,False,44.0,264.0,0.06,0.11,0.15,4.99,0.0,439.24657534246575
274,1397317,0.9299999999999999,False,De Pijp - Rivierenbuurt,52.35781,4.90529,Entire home/apt,4,2,2,10,186.0,3,19,True,1,0,4.85,False,46.5,558.0,0.1,0.14,0.19,4.99,0.021917808219178082,1276.041095890411
275,1402541,1.0,True,Centrum-Oost,52.36541,4.92481,Private room,2,1,1,4,88.0,2,10,True,2,7,4.9,False,44.0,176.0,0.06,0.12,0.17,4.99,0.6246575342465753,482.32876712328766
276,1408035,0.67,False,De Aker - Nieuw Sloten,52.34255,4.80578,Shared room,1,1,3,4,50.0,3,3,True,0,0,4.199999999999999,False,50.0,150.0,0.05,0.12,0.16,2.99,0.0,250.0
277,1427610,0.67,False,Geuzenveld - Slotermeer,52.38277,4.80351,Entire home/apt,4,2,2,7,100.0,5,1125,True,0,0,5.0,False,25.0,500.0,0.05,0.14,0.15,4.99,0.01643835616438356,622.4794520547945
278,1429701,0.9,True,Centrum-West,52.38598,4.89164,Private room,2,1,1,6,135.0,2,14,True,5,5,4.94,False,67.5,270.0,0.06,0.19,0.19,4.99,0.4575342465753425,675.0
279,1447217,1.0,True,Bos en Lommer,52.37591,4.8479,Private room,2,1,1,2,51.0,4,100,True,0,4,4.72,True,25.5,204.0,0.06,0.07,0.14,2.99,0.336986301369863,317.1095890410959
280,1454784,0.21999999999999997,False,De Pijp - Rivierenbuurt,52.35229,4.89105,Entire home/apt,2,1,1,15,300.0,2,1125,True,1,0,4.75,False,150.0,600.0,0.1,0.21,0.34,4.99,0.0027397260273972603,1500.0
281,1468473,1.0,False,Bos en Lommer,52.37563,4.85014,Entire home/apt,2,1,1,8,120.0,3,90,True,1,0,4.56,True,60.0,360.0,0.06,0.15,0.12,4.99,0.43561643835616437,575.7534246575342
282,1482851,1.0,False,Westerpark,52.37993,4.8683,Private room,4,1,3,9,139.0,1,1125,True,5,0,4.84,True,34.75,139.0,0.07,0.14,0.18,4.99,0.6082191780821918,834.2328767123288
283,1484957,0.75,False,De Pijp - Rivierenbuurt,52.35102,4.89063,Entire home/apt,4,2,2,7,228.0,2,25,True,0,2,4.85,False,57.0,456.0,0.08,0.25,0.25,4.99,0.0,1139.4383561643835
284,1511360,0.6,False,De Baarsjes - Oud-West,52.3603,4.86692,Entire home/apt,2,1,1,9,155.0,2,14,True,0,1,4.72,False,77.5,310.0,0.08,0.12,0.2,4.99,0.29863013698630136,775.6164383561644
285,1514368,0.74,True,Centrum-Oost,52.361286,4.893265,Private room,4,1,2,14,282.0,3,30,True,1,2,4.8,True,70.5,846.0,0.13,0.07,0.29,4.99,0.21095890410958903,1175.150684931507
286,1517398,0.59,False,Westerpark,52.38459,4.88058,Entire home/apt,4,2,1,9,122.0,3,30,True,0,2,4.68,False,30.5,366.0,0.07,0.13,0.15,4.99,0.34794520547945207,550.3835616438356
287,1523635,0.53,False,Centrum-West,52.37004,4.88501,Private room,2,1,1,8,119.0,3,150,True,4,6,4.7,False,59.5,357.0,0.06,0.13,0.18,4.99,0.7342465753424657,632.082191780822
288,1524993,0.81,True,Centrum-West,52.37638,4.88217,Entire home/apt,2,1,1,8,195.0,2,5,True,0,1,4.82,False,97.5,390.0,0.08,0.19,0.18,4.99,0.4328767123287671,840.4794520547945
289,1533103,0.67,False,Westerpark,52.37943,4.87031,Entire home/apt,2,1,1,11,250.0,10,20,True,10,0,5.0,False,125.0,2500.0,0.03,0.2,0.23,4.99,0.18082191780821918,1234.6575342465753
290,1534317,1.0,True,Geuzenveld - Slotermeer,52.38399,4.83583,Private room,2,1,1,1,82.0,4,30,True,6,4,4.79,False,41.0,328.0,0.05,0.1,0.16,4.99,0.915068493150685,357.05479452054794
291,1561264,0.25,False,Oostelijk Havengebied - Indische Buurt,52.36252,4.94962,Private room,2,1,1,3,75.0,1,5,True,25,0,4.86,False,37.5,75.0,0.05,0.1,0.14,4.99,0.9808219178082191,375.0
292,1566348,0.27,False,De Baarsjes - Oud-West,52.36992,4.85379,Entire home/apt,2,1,1,5,103.0,3,30,True,0,0,4.85,False,51.5,309.0,0.07,0.17,0.18,4.99,0.0,515.0
293,1568669,0.23,False,Watergraafsmeer,52.34336,4.9227,Entire home/apt,4,2,4,1,105.0,4,14,True,0,0,4.74,False,26.25,420.0,0.05,0.13,0.17,4.99,0.4547945205479452,557.917808219178
294,1570315,0.78,False,Centrum-West,52.37016,4.885,Private room,2,1,2,3,126.0,3,183,True,2,5,4.63,False,63.0,378.0,0.06,0.17,0.19,4.99,0.5863013698630137,669.3972602739726
295,1580186,0.77,False,Centrum-West,52.3798,4.88726,Entire home/apt,3,2,2,4,300.0,2,31,True,0,0,4.72,True,100.0,600.0,0.11,0.18,0.22,4.99,0.0,1500.0
296,1586071,1.0,False,Bos en Lommer,52.3825,4.85645,Private room,2,1,1,9,45.0,4,30,True,0,0,4.86,True,22.5,180.0,0.1,0.09,0.14,0.99,0.0,358.6986301369863
297,1601408,0.8200000000000001,False,De Pijp - Rivierenbuurt,52.3552,4.89161,Entire home/apt,4,2,2,17,436.0,4,1000,True,6,2,4.56,False,109.0,1744.0,0.12,0.1,0.26,10.99,0.6438356164383562,2069.986301369863
298,1603630,1.0,True,Centrum-West,52.37886,4.88723,Entire home/apt,2,1,2,15,300.0,4,1125,True,0,0,4.94,False,150.0,1200.0,0.14,0.22,0.25,4.99,0.6328767123287671,1517.123287671233
299,1605387,0.67,False,Oostelijk Havengebied - Indische Buurt,52.36333,4.93846,Entire home/apt,2,1,1,7,50.0,5,15,True,0,0,4.68,False,25.0,250.0,0.06,0.13,0.17,2.99,0.0,368.0
300,1620658,0.05,False,Oud-Oost,52.34933,4.91314,Entire home/apt,2,1,1,1,125.0,3,1125,True,0,0,4.81,False,62.5,375.0,0.06,0.18,0.17,4.99,0.0,507.5342465753425
301,1630438,0.86,True,De Pijp - Rivierenbuurt,52.34292,4.89445,Private room,2,1,2,4,90.0,2,1125,True,0,2,4.77,False,45.0,180.0,0.06,0.12,0.16,4.99,0.8246575342465754,450.0
302,1630603,0.83,False,Zuid,52.34736,4.87546,Private room,2,1,1,4,81.0,2,4,True,2,4,4.57,False,40.5,162.0,0.07,0.13,0.16,4.99,0.049315068493150684,376.6027397260274
303,1631878,0.04999999999999999,False,Zuid,52.36079,4.88298,Entire home/apt,4,2,3,16,475.0,5,1125,True,0,1,4.09,True,118.75,2375.0,0.07,0.08,0.2,10.99,0.4246575342465753,2375.0
304,1633234,0.79,False,De Baarsjes - Oud-West,52.36566,4.87717,Entire home/apt,2,1,1,4,51.0,2,7,True,0,0,4.5200000000000005,False,25.5,102.0,0.04,0.12,0.14,2.99,0.0,549.6164383561644
305,1645011,0.45999999999999996,False,Centrum-Oost,52.36063,4.89241,Entire home/apt,4,2,3,13,397.0,3,1125,True,0,0,4.94,False,99.25,1191.0,0.13,0.2,0.3,4.99,0.00821917808219178,1964.4520547945206
306,1649932,0.72,False,Centrum-Oost,52.36307,4.89709,Entire home/apt,3,2,2,7,125.0,5,30,True,0,0,5.0,False,41.67,625.0,0.07,0.11,0.19,4.99,0.0,625.0
307,1657879,0.0,False,De Baarsjes - Oud-West,52.35811,4.85707,Entire home/apt,3,2,2,9,119.0,6,30,True,0,0,4.92,False,39.67,714.0,0.07,0.13,0.19,4.99,0.0,595.0
308,1662676,0.0,False,Centrum-West,52.37976,4.88293,Entire home/apt,2,1,2,3,100.0,15,30,False,0,0,4.85,False,50.0,1500.0,0.07,0.12,0.14,4.99,0.0,500.0
309,1677381,0.6,False,Centrum-West,52.3798,4.89058,Private room,2,1,1,5,129.0,2,1125,True,1,2,4.75,True,64.5,258.0,0.05,0.08,0.16,4.99,0.2219178082191781,570.2328767123288
310,1681041,0.0,False,Zuid,52.35466,4.88464,Entire home/apt,6,3,4,9,200.0,7,300,True,0,0,5.0,False,33.33,1400.0,0.11,0.15,0.22,4.99,0.038356164383561646,1056.7397260273972
311,1708244,1.0,True,Noord-West,52.40793,4.90264,Private room,3,1,2,3,79.0,2,7,True,1,4,4.88,False,26.33,158.0,0.06,0.12,0.15,4.99,0.3287671232876712,388.28767123287673
312,1708637,0.81,False,De Pijp - Rivierenbuurt,52.35428,4.90005,Private room,2,1,1,4,84.0,3,31,True,3,3,4.6,False,42.0,252.0,0.06,0.11,0.15,4.99,0.6109589041095891,446.4931506849315
313,1713147,0.010000000000000009,False,De Pijp - Rivierenbuurt,52.33917,4.89633,Entire home/apt,6,3,4,10,299.0,4,1125,True,0,0,4.75,False,49.83,1196.0,0.08,0.22,0.26,4.99,0.021917808219178082,1495.0
314,1723463,0.0,False,Watergraafsmeer,52.35317,4.93806,Entire home/apt,4,2,4,15,200.0,5,21,True,0,0,4.91,False,50.0,1000.0,0.07,0.15,0.22,4.99,0.4246575342465753,1000.0
315,1727103,0.0,False,De Pijp - Rivierenbuurt,52.34007,4.91193,Entire home/apt,4,2,3,9,175.0,3,1125,True,0,0,4.91,False,43.75,525.0,0.09,0.2,0.22,4.99,0.0,1233.4246575342465
316,1731246,0.0,False,De Pijp - Rivierenbuurt,52.35345,4.89037,Entire home/apt,4,2,2,5,273.0,3,1125,True,2,0,4.95,False,68.25,819.0,0.09,0.23,0.28,4.99,0.07945205479452055,1121.849315068493
317,1733772,0.56,True,Oud-Noord,52.38772,4.93933,Entire home/apt,2,1,1,6,180.0,3,14,True,0,0,4.83,True,90.0,540.0,0.07,0.1,0.17,4.99,0.14520547945205478,900.0
318,1734564,0.51,False,Centrum-West,52.37318,4.88886,Entire home/apt,2,1,1,12,229.0,3,1125,True,0,3,4.82,False,114.5,687.0,0.07,0.12,0.21,4.99,0.00821917808219178,1145.0
319,1734582,1.0,False,De Baarsjes - Oud-West,52.37381,4.85761,Entire home/apt,4,2,2,4,151.0,2,28,True,0,0,4.97,True,37.75,302.0,0.08,0.21,0.23,4.99,0.2,1023.917808219178
320,1734769,1.0,False,Geuzenveld - Slotermeer,52.37346,4.83449,Entire home/apt,4,2,4,10,245.0,5,30,True,0,0,4.85,False,61.25,1225.0,0.08,0.25,0.21,4.99,0.07945205479452055,1855.13698630137
321,1766570,0.83,False,Centrum-Oost,52.3643,4.88867,Entire home/apt,4,2,2,18,332.0,7,180,True,5,0,4.5,False,83.0,2324.0,0.09,0.25,0.25,4.99,0.1178082191780822,1595.4109589041095
322,1771760,1.0,False,Bos en Lommer,52.38278,4.85254,Private room,2,1,1,5,82.0,4,21,True,0,1,4.8,False,41.0,328.0,0.06,0.07,0.16,4.99,0.0,355.1095890410959
323,1783438,1.0,True,De Pijp - Rivierenbuurt,52.34336,4.90479,Private room,2,1,1,6,119.0,2,1125,True,6,5,4.75,False,59.5,238.0,0.07,0.16,0.16,4.99,0.024657534246575342,549.1917808219179
324,1786144,0.61,False,Centrum-Oost,52.37087,4.91014,Private room,2,1,1,1,130.0,1,1125,True,4,0,4.74,True,65.0,130.0,0.08,0.19,0.18,4.99,0.11506849315068493,650.0
325,1792271,0.52,False,Westerpark,52.39051,4.87076,Entire home/apt,2,1,1,7,150.0,4,4,True,0,1,4.97,False,75.0,600.0,0.07,0.2,0.21,4.99,0.0,750.6849315068494
326,1796212,0.0,False,Slotervaart,52.35928,4.83608,Private room,2,1,1,1,85.0,2,4,True,0,0,4.94,False,42.5,170.0,0.04,0.09,0.17,4.99,0.0958904109589041,432.3972602739726
327,1797364,1.0,True,Slotervaart,52.35896,4.81951,Private room,2,1,1,8,99.0,2,1125,True,3,4,4.89,True,49.5,198.0,0.05,0.13,0.15,4.99,0.7068493150684931,452.71232876712327
328,1798944,1.0,True,Centrum-West,52.38778,4.88848,Private room,2,1,1,3,60.0,3,30,True,6,5,4.31,False,30.0,180.0,0.07,0.14,0.17,2.99,0.6931506849315069,301.986301369863
329,1798945,0.0,False,Centrum-Oost,52.36416,4.89859,Entire home/apt,4,2,1,15,365.0,5,1125,True,0,0,4.81,False,91.25,1825.0,0.1,0.18,0.26,4.99,0.0,1853.9315068493152
330,1812581,0.5,False,De Baarsjes - Oud-West,52.36679,4.86016,Entire home/apt,4,2,3,13,400.0,4,365,True,0,0,4.319999999999999,True,100.0,1600.0,0.05,0.23,0.28,10.99,0.5917808219178082,2000.0
331,1814121,0.99,False,Osdorp,52.36709,4.79332,Private room,2,1,1,7,110.0,2,1125,True,8,6,4.72,True,55.0,220.0,0.05,0.13,0.17,4.99,0.8356164383561644,550.1369863013699
332,1828391,1.0,False,Noord-West,52.40294,4.90568,Entire home/apt,5,3,5,5,200.0,3,1125,True,0,0,4.9,False,40.0,600.0,0.1,0.15,0.2,4.99,0.0,1000.0
333,1830345,1.0,False,Centrum-Oost,52.36192,4.88681,Entire home/apt,4,2,2,11,325.0,2,1125,True,1,0,4.69,False,81.25,650.0,0.12,0.16,0.18,4.99,0.0027397260273972603,1624.86301369863
334,1831427,0.5,False,Centrum-Oost,52.3692,4.92534,Entire home/apt,2,1,1,5,120.0,4,21,True,2,0,3.83,False,60.0,480.0,0.08,0.13,0.2,4.99,0.4301369863013699,600.0
335,1838751,0.99,False,Centrum-West,52.37595,4.87697,Entire home/apt,2,1,1,1,100.0,4,10,True,0,0,4.69,True,50.0,400.0,0.05,0.16,0.15,4.99,0.0,500.05479452054794
336,1845443,0.86,False,Westerpark,52.37381,4.87296,Entire home/apt,2,1,1,5,122.0,25,365,True,2,0,4.95,False,61.0,3050.0,0.04,0.13,0.19,4.99,0.005479452054794521,609.2465753424658
337,1859255,1.0,True,Slotervaart,52.35896,4.81951,Private room,2,1,1,7,99.0,2,365,True,3,3,4.92,True,49.5,198.0,0.05,0.11,0.15,4.99,0.6931506849315069,453.45205479452056
338,1863996,0.0,False,Bos en Lommer,52.38324,4.85573,Entire home/apt,2,1,2,2,75.0,3,1125,True,0,0,4.37,False,37.5,225.0,0.05,0.12,0.15,4.99,0.0,375.0
339,1886198,0.5700000000000001,False,Oud-Oost,52.35977,4.90936,Entire home/apt,2,1,1,10,155.0,2,7,True,0,2,4.86,False,77.5,310.0,0.06,0.28,0.19,4.99,0.38904109589041097,630.9589041095891
340,1892532,1.0,True,Oud-Oost,52.36095,4.92986,Entire home/apt,2,1,1,8,170.0,1,1125,True,0,0,4.97,True,85.0,170.0,0.08,0.21,0.16,4.99,0.0,850.0
341,1894944,0.5700000000000001,False,De Pijp - Rivierenbuurt,52.35582,4.89172,Entire home/apt,4,2,2,17,586.0,2,1125,True,0,0,4.140000000000001,True,146.5,1172.0,0.12,0.22,0.28,10.99,0.4301369863013699,3339.72602739726
342,1901845,1.0,True,Slotervaart,52.35896,4.81951,Private room,4,1,4,7,195.0,2,1125,True,3,0,4.93,True,48.75,390.0,0.08,0.17,0.17,4.99,0.6383561643835617,949.8630136986301
343,1901877,0.76,True,Centrum-West,52.371,4.88731,Private room,2,1,2,3,105.0,3,1125,True,5,4,4.89,False,52.5,315.0,0.09,0.12,0.14,4.99,0.6876712328767123,525.0
344,1911182,0.84,False,Oostelijk Havengebied - Indische Buurt,52.36373,4.93306,Private room,2,1,2,1,101.0,1,28,True,5,1,4.33,False,50.5,101.0,0.05,0.17,0.2,4.99,0.19726027397260273,485.28767123287673
345,1912704,0.76,False,Centrum-West,52.36991,4.88717,Entire home/apt,2,1,1,8,180.0,3,60,True,2,3,5.0,False,90.0,540.0,0.08,0.2,0.24,4.99,0.5013698630136987,830.0410958904109
346,1919184,0.75,False,De Baarsjes - Oud-West,52.36676,4.86285,Entire home/apt,3,2,2,12,299.0,2,10,True,10,0,4.54,False,99.67,598.0,0.08,0.29,0.2,4.99,0.09863013698630137,1330.8219178082193
347,1924485,0.76,False,De Pijp - Rivierenbuurt,52.35593,4.89208,Private room,4,1,4,1,95.0,3,1125,True,0,0,4.92,True,23.75,285.0,0.05,0.12,0.14,4.99,0.0,474.972602739726
348,1926792,0.71,False,De Pijp - Rivierenbuurt,52.3567,4.88983,Entire home/apt,4,2,2,7,200.0,2,1125,True,3,1,4.76,False,50.0,400.0,0.13,0.21,0.23,4.99,0.08493150684931507,1157.6712328767123
349,1927634,0.81,False,Oostelijk Havengebied - Indische Buurt,52.36807,4.93449,Entire home/apt,4,2,3,14,482.0,8,30,True,0,0,4.6899999999999995,True,120.5,3856.0,0.07,0.16,0.22,10.99,0.0,2368.904109589041
350,1928474,0.44,False,Noord-West,52.4069,4.90168,Entire home/apt,6,3,6,5,130.0,4,21,True,0,0,4.75,False,21.67,520.0,0.07,0.19,0.18,4.99,0.31232876712328766,822.3835616438356
351,1929777,0.8,False,De Pijp - Rivierenbuurt,52.34383,4.89273,Entire home/apt,4,2,2,8,230.0,3,1124,True,0,0,4.97,False,57.5,690.0,0.06,0.16,0.24,4.99,0.0,1150.0
352,1937458,0.0,False,Bos en Lommer,52.38393,4.84977,Entire home/apt,4,2,2,9,185.0,2,1125,True,0,0,4.9,False,46.25,370.0,0.07,0.16,0.23,4.99,0.005479452054794521,925.0
353,1937894,0.6,False,Centrum-West,52.37923,4.88388,Entire home/apt,2,1,1,17,290.0,2,30,True,1,5,4.62,True,145.0,580.0,0.07,0.22,0.21,4.99,0.0027397260273972603,1377.2602739726028
354,1938510,0.5,False,Oostelijk Havengebied - Indische Buurt,52.36407,4.94169,Entire home/apt,4,2,2,15,271.0,1,365,True,7,2,4.74,False,67.75,271.0,0.1,0.15,0.21,4.99,0.019178082191780823,1456.164383561644
355,1954182,0.2,False,De Baarsjes - Oud-West,52.36984,4.87213,Entire home/apt,2,1,1,5,150.0,14,365,True,0,0,4.9,False,75.0,2100.0,0.09,0.14,0.23,4.99,0.0,750.0
356,1954308,0.0,False,De Baarsjes - Oud-West,52.37484,4.86096,Entire home/apt,3,2,2,7,130.0,4,1125,True,0,0,4.71,False,43.33,520.0,0.06,0.11,0.13,4.99,0.0,650.0
357,1957337,0.0,False,Oud-Oost,52.35818,4.91959,Entire home/apt,4,2,3,8,275.0,3,14,True,0,0,5.0,False,68.75,825.0,0.09,0.19,0.18,4.99,0.06027397260273973,1375.0
358,1959340,1.0,False,Oostelijk Havengebied - Indische Buurt,52.37705,4.94046,Private room,3,1,2,11,271.0,2,14,True,3,2,4.91,False,90.33,542.0,0.08,0.23,0.27,4.99,0.7123287671232876,1249.041095890411
359,1964479,0.56,False,Oud-Noord,52.38745,4.91972,Entire home/apt,4,2,2,13,350.0,3,1125,True,0,0,4.75,False,87.5,1050.0,0.09,0.08,0.26,4.99,0.28493150684931506,1750.0
360,1977828,0.75,False,Bos en Lommer,52.37567,4.85533,Entire home/apt,3,2,1,1,75.0,3,1125,True,0,0,4.74,False,25.0,225.0,0.07,0.13,0.17,4.99,0.0,519.972602739726
361,2005996,1.0,False,De Baarsjes - Oud-West,52.36137,4.8665,Private room,2,1,1,1,98.0,2,90,True,0,7,4.87,True,49.0,196.0,0.05,0.13,0.17,4.99,0.8,489.24657534246575
362,2015074,0.6799999999999999,False,De Pijp - Rivierenbuurt,52.35539,4.88758,Entire home/apt,2,1,1,3,135.0,2,1125,True,0,0,4.91,True,67.5,270.0,0.08,0.11,0.17,4.99,0.0027397260273972603,675.0
363,2016153,0.0,False,De Pijp - Rivierenbuurt,52.35808,4.89101,Entire home/apt,2,1,1,5,129.0,2,1125,True,0,0,4.77,False,64.5,258.0,0.05,0.13,0.17,4.99,0.6219178082191781,647.1917808219179
364,2018017,0.040000000000000036,False,Centrum-Oost,52.37125,4.90529,Private room,2,1,1,3,99.0,2,15,True,0,1,4.59,False,49.5,198.0,0.05,0.14,0.19,4.99,0.0,631.8493150684932
365,2023961,0.0,False,Centrum-West,52.38232,4.88604,Entire home/apt,2,1,1,8,114.0,4,30,True,0,0,4.86,False,57.0,456.0,0.06,0.08,0.2,4.99,0.0,571.2328767123288
366,2065321,0.27,False,De Pijp - Rivierenbuurt,52.35042,4.8922,Entire home/apt,2,1,1,7,170.0,3,15,True,0,1,4.83,False,85.0,510.0,0.08,0.19,0.12,4.99,0.01643835616438356,850.0
367,2074047,1.0,False,Westerpark,52.37292,4.87225,Entire home/apt,4,2,1,12,185.0,6,30,True,0,0,4.95,False,46.25,1110.0,0.07,0.12,0.21,4.99,0.2821917808219178,918.8356164383562
368,2080040,0.5399999999999999,True,Zuid,52.35327,4.84733,Entire home/apt,3,2,2,12,134.0,7,1125,True,9,1,4.51,False,44.67,938.0,0.07,0.07,0.18,4.99,0.4904109589041096,825.5890410958904
369,2080427,1.0,False,Oud-Oost,52.3522,4.91484,Entire home/apt,2,1,1,6,102.0,6,15,True,0,0,4.47,False,51.0,612.0,0.07,0.15,0.15,4.99,0.0,510.0
370,2084758,0.28,False,De Pijp - Rivierenbuurt,52.35151,4.88881,Entire home/apt,4,2,2,4,115.0,2,60,True,0,0,4.94,False,28.75,230.0,0.05,0.15,0.19,4.99,0.0,575.0
371,2088011,1.0,False,Oud-Oost,52.36136,4.92817,Entire home/apt,2,1,1,4,150.0,3,30,True,0,1,5.0,False,75.0,450.0,0.06,0.19,0.15,4.99,0.0,750.0
372,2091152,0.6799999999999999,False,De Pijp - Rivierenbuurt,52.35194,4.90482,Private room,2,1,2,6,90.0,1,5,True,2,5,4.6,True,45.0,90.0,0.06,0.07,0.17,4.99,0.7452054794520548,457.4931506849315
373,2097548,0.33,False,Noord-West,52.40325,4.91954,Entire home/apt,4,2,4,6,150.0,3,21,True,0,0,4.89,False,37.5,450.0,0.07,0.25,0.25,4.99,0.03561643835616438,754.5205479452055
374,2116479,0.63,False,Westerpark,52.37957,4.86845,Entire home/apt,2,1,1,3,125.0,3,10,True,0,0,4.48,False,62.5,375.0,0.06,0.14,0.15,4.99,0.0,625.0
375,2116719,0.31000000000000005,False,Oud-Noord,52.39145,4.929,Entire home/apt,4,2,4,10,205.0,2,3,True,0,0,4.67,False,51.25,410.0,0.11,0.21,0.27,4.99,0.0,1096.6986301369864
376,2144304,0.8,False,Zuid,52.35289,4.87731,Entire home/apt,6,3,4,17,466.0,3,1125,True,0,0,4.890000000000001,True,77.67,1398.0,0.03,0.25,0.22,10.99,0.019178082191780823,2330.0
377,2144308,0.86,False,Noord-West,52.41278,4.91917,Entire home/apt,2,1,1,8,90.0,3,1125,True,0,0,4.84,True,45.0,270.0,0.06,0.13,0.16,4.99,0.0,451.64383561643837
378,2148417,1.0,False,De Baarsjes - Oud-West,52.37429,4.86268,Entire home/apt,4,2,1,8,190.0,2,1125,True,0,1,4.81,False,47.5,380.0,0.07,0.16,0.24,4.99,0.0,1204.13698630137
379,2174515,0.77,False,Centrum-West,52.37847,4.88475,Entire home/apt,2,1,2,9,175.0,2,30,True,0,0,4.82,True,87.5,350.0,0.09,0.2,0.17,4.99,0.0,875.0
380,2175600,0.21000000000000002,False,Zuid,52.35469,4.85663,Entire home/apt,2,1,1,8,180.0,1,1125,True,0,1,4.93,False,90.0,180.0,0.06,0.17,0.22,4.99,0.5643835616438356,900.0
381,2211896,0.73,True,De Pijp - Rivierenbuurt,52.35198,4.90531,Private room,2,1,1,4,96.0,1,30,True,1,5,4.76,False,48.0,96.0,0.04,0.13,0.16,4.99,0.1178082191780822,391.2054794520548
382,2224903,0.67,False,Oud-Oost,52.35639,4.91596,Entire home/apt,4,2,4,9,225.0,3,3,True,0,1,4.13,False,56.25,675.0,0.08,0.14,0.25,4.99,0.4794520547945205,1105.4109589041095
383,2235666,0.010000000000000009,False,Oud-Noord,52.39333,4.91358,Entire home/apt,4,2,5,9,160.0,2,2,True,2,2,4.85,False,40.0,320.0,0.08,0.16,0.21,4.99,0.4383561643835616,930.3972602739726
384,2235708,0.6799999999999999,False,De Pijp - Rivierenbuurt,52.35442,4.89877,Entire home/apt,2,1,1,4,139.0,6,1124,True,0,0,4.81,False,69.5,834.0,0.07,0.12,0.21,4.99,0.024657534246575342,886.7808219178082
385,2107131,1.0,True,Gaasperdam - Driemond,52.275,4.9954,Entire home/apt,6,3,3,18,377.0,2,60,True,1,5,4.98,False,62.83,754.0,0.11,0.16,0.23,4.99,0.4712328767123288,1856.7123287671234
386,721551,0.72,False,Noord-Oost,52.41881,5.0701,Entire home/apt,6,3,3,4,180.0,5,1125,True,5,1,4.95,False,30.0,900.0,0.06,0.21,0.16,4.99,0.2958904109589041,901.3698630136986
387,587228,0.3,False,Noord-Oost,52.44068,4.95268,Entire home/apt,4,2,2,3,95.0,2,1125,True,6,0,4.84,False,23.75,190.0,0.06,0.12,0.15,4.99,0.7945205479452054,475.0
388,2203816,1.0,True,Gaasperdam - Driemond,52.30836,5.02966,Private room,1,1,1,4,68.0,70,90,True,26,0,4.28,True,68.0,4760.0,0.07,0.14,0.16,2.99,0.37534246575342467,344.63013698630135
389,1910692,0.97,False,Noord-Oost,52.43076,4.98203,Entire home/apt,4,2,3,3,168.0,3,30,True,0,2,4.9,True,42.0,504.0,0.09,0.07,0.18,4.99,0.3506849315068493,840.2054794520548
390,1100198,1.0,False,Noord-Oost,52.42865,4.96402,Entire home/apt,2,1,1,2,80.0,2,365,True,2,4,4.75,True,40.0,160.0,0.05,0.12,0.15,4.99,0.6712328767123288,400.0
391,550401,0.43,False,Buitenveldert - Zuidas,52.30611,4.86426,Entire home/apt,5,3,4,9,140.0,59,1125,True,0,0,4.92,False,28.0,8260.0,0.08,0.14,0.17,4.99,0.4986301369863014,700.0
392,1512968,0.5,False,Noord-Oost,52.43572,4.9982,Entire home/apt,2,1,2,5,90.0,2,14,True,0,0,4.89,False,45.0,180.0,0.05,0.09,0.15,4.99,0.2219178082191781,450.0
393,1234621,0.42,False,De Aker - Nieuw Sloten,52.33851,4.79172,Entire home/apt,2,1,1,1,65.0,1,1125,True,5,1,4.43,False,32.5,65.0,0.06,0.11,0.16,2.99,0.6356164383561644,325.0
394,1353468,0.75,False,Noord-Oost,52.42831,4.97889,Entire home/apt,6,3,4,14,233.0,3,30,True,2,1,4.91,False,38.83,699.0,0.11,0.18,0.25,4.99,0.0547945205479452,1110.5479452054794
395,1699370,0.87,True,De Aker - Nieuw Sloten,52.33466,4.78031,Entire home/apt,2,1,1,1,79.0,10,1120,True,0,0,4.8,False,39.5,790.0,0.05,0.12,0.13,4.99,0.8383561643835616,395.16438356164383
396,1259343,0.85,False,Watergraafsmeer,52.3378,4.95391,Entire home/apt,2,1,1,8,115.0,3,7,True,0,2,4.49,False,57.5,345.0,0.08,0.13,0.2,4.99,0.4465753424657534,575.013698630137
397,1817269,1.0,True,Bijlmer-Centrum,52.27353,4.9802,Entire home/apt,4,2,3,1,93.0,4,1125,True,0,3,4.87,False,23.25,372.0,0.05,0.18,0.16,4.99,0.10136986301369863,587.013698630137
398,420095,0.97,False,Buitenveldert - Zuidas,52.30978,4.84245,Entire home/apt,4,2,2,6,150.0,5,1125,True,0,0,5.0,False,37.5,750.0,0.08,0.2,0.17,4.99,0.26575342465753427,750.0
399,2079114,1.0,True,Gaasperdam - Driemond,52.30836,5.02966,Entire home/apt,2,1,2,3,71.0,60,60,True,12,0,4.319999999999999,True,35.5,4260.0,0.06,0.11,0.15,2.99,0.1178082191780822,372.2054794520548
400,1715371,0.18,False,Noord-Oost,52.43133,5.03542,Entire home/apt,6,3,4,5,150.0,7,365,True,0,0,4.78,False,25.0,1050.0,0.08,0.18,0.22,4.99,0.7397260273972602,750.0
401,1067630,0.68,False,Watergraafsmeer,52.33365,4.94144,Entire home/apt,6,3,3,17,429.0,1,1125,True,1,1,4.23,True,71.5,429.0,0.08,0.22,0.3,10.99,0.46301369863013697,2142.7397260273974
402,1094399,0.67,False,Watergraafsmeer,52.31686,4.90708,Entire home/apt,6,3,3,1,100.0,2,1125,True,0,0,4.88,False,16.67,200.0,0.07,0.17,0.17,4.99,0.2273972602739726,500.0
403,854052,1.0,True,Watergraafsmeer,52.340752,4.95829,Private room,2,1,1,5,65.0,2,20,True,1,3,4.34,False,32.5,130.0,0.07,0.13,0.14,2.99,0.0027397260273972603,304.24657534246575
